restaurant,dish_name,description,price
70ees Pizza,Small Pizza,No description,$17.99
70ees Pizza,Medium Pizza,No description,$20.99
70ees Pizza,Large Pizza,No description,$23.99
70ees Pizza,3.Meat Lover,No description,$17.99
70ees Pizza,7.Tandoori Chicken Pizza,No description,$17.99
70ees Pizza,12.Punjabi Flame Chicken Pizza,No description,$17.99
70ees Pizza,9.Sicily Pizza,No description,$17.99
70ees Pizza,2.Super Supreme,No description,$17.99
70ees Pizza,18.Pesto Chicken,No description,$17.99
70ees Pizza,5.Canadian Hawaiian,No description,$17.99
70ees Pizza,14.Butter Chicken,No description,$17.99
70ees Pizza,24.Blue Cheese And Bacon,No description,$17.99
70ees Pizza,6.Cheeseburger Pizza,No description,$17.99
70ees Pizza,38.Chicken Bacon Ranch,No description,$17.99
70ees Pizza,10.Flamming Hot,No description,$17.99
70ees Pizza,25.Ricotta Chicken,No description,$17.99
70ees Pizza,1.Canadian Fanbase,No description,$17.99
70ees Pizza,4.The Greek Style,No description,$17.99
70ees Pizza,40.Everything Meat,No description,$21.99
70ees Pizza,37.BBQ Chicken Hawaiian,No description,$17.99
Island Poke,Spicy Salmon,No description,$18.95
Island Poke,Island Bowl,No description,$18.95
Island Poke,BC Bowl,No description,$20.95
Island Poke,CRUNCHii,No description,$18.95
Island Poke,Ohana,No description,$18.95
Island Poke,Earth - Vegetarian,No description,$18.95
Island Poke,BYO Regular,No description,$18.95
Island Poke,BYO Large,No description,$20.95
Island Poke,Coca Cola,No description,$3.50
Island Poke,Diet Coke,No description,$3.50
Island Poke,Ginger Ale,No description,$3.50
Island Poke,Coconut Water,No description,$4.95
Island Poke,Kombucha - Mango,No description,$5.95
Island Poke,Bottled Water,No description,$3.50
Island Poke,Kombucha - Passion Fruit,No description,$5.95
Freshslice Pizza (1609 Douglas Street),ANY 3-4 TOPPINGS,No description,$16.99
Freshslice Pizza (1609 Douglas Street),ANY 2 TOPPINGS,No description,$15.99
Freshslice Pizza (1609 Douglas Street),CLASSIC 1 SLICE,No description,Priced by add-ons
Freshslice Pizza (1609 Douglas Street),CLASSIC 8 SLICES,No description,$23.74
Freshslice Pizza (1609 Douglas Street),FEAST 1 SLICE,No description,Priced by add-ons
Freshslice Pizza (1609 Douglas Street),FEAST 8 SLICES,No description,$28.74
Freshslice Pizza (1609 Douglas Street),2 SLICE COMBO,No description,$9.06
Freshslice Pizza (1609 Douglas Street),3 SLICE COMBO,No description,$11.88
Freshslice Pizza (1609 Douglas Street),ANY 2 TOPPINGS,No description,$15.99
Freshslice Pizza (1609 Douglas Street),ANY 3-4 TOPPINGS,No description,$16.99
Freshslice Pizza (1609 Douglas Street),UNLIMITED TOPPINGS,No description,$17.99
Freshslice Pizza (1609 Douglas Street),CHEESE WITH WHITE SAUCE,No description,$15.99
Freshslice Pizza (1609 Douglas Street),CHEESE WITH TOMATO SAUCE,No description,$15.99
Freshslice Pizza (1609 Douglas Street),PEPPERONI,No description,$15.99
Freshslice Pizza (1609 Douglas Street),HAWAIIAN,No description,$15.99
Freshslice Pizza (1609 Douglas Street),BEEF,No description,$15.99
Freshslice Pizza (1609 Douglas Street),BACON & MUSHROOM,No description,$15.99
Freshslice Pizza (1609 Douglas Street),VEGGIE CLASSIC,No description,$15.99
Freshslice Pizza (1609 Douglas Street),HALF & HALF CLASSIC PIZZA,No description,$15.99
Freshslice Pizza (1609 Douglas Street),BBQ CHICKEN BACON FEAST,No description,$16.99
Green Leaf Vietnamese Bistro (Douglas St),4. Deep-Fried Spring Rolls (3 pcs),No description,$12.00
Green Leaf Vietnamese Bistro (Douglas St),1. Salad Roll (2 pcs),No description,$12.00
Green Leaf Vietnamese Bistro (Douglas St),3. Grilled Pork Patties (2 pcs),No description,$12.00
Green Leaf Vietnamese Bistro (Douglas St),7. Deep-Fried Wontons,No description,$12.00
Green Leaf Vietnamese Bistro (Douglas St),11. Special Vietnamese Crepe,No description,$17.00
Green Leaf Vietnamese Bistro (Douglas St),9. Fried Chicken Wings,No description,$15.00
Green Leaf Vietnamese Bistro (Douglas St),5. Fresh Spring Rolls (2 pcs),No description,$12.00
Green Leaf Vietnamese Bistro (Douglas St),8. Deep-Fried Prawns,No description,$12.00
Green Leaf Vietnamese Bistro (Douglas St),6. Deep-Fried Tofu,No description,$12.00
Green Leaf Vietnamese Bistro (Douglas St),2. Shredded Pork (2 pcs),No description,$12.00
Green Leaf Vietnamese Bistro (Douglas St),12. Crispy Turmeric Prawn Cakes,No description,$17.00
Green Leaf Vietnamese Bistro (Douglas St),14. Green Papaya Salad,No description,$20.00
Green Leaf Vietnamese Bistro (Douglas St),15. Beef // Chicken Salad,No description,$20.00
Green Leaf Vietnamese Bistro (Douglas St),16. Fresh Mango Salad,No description,$20.00
Green Leaf Vietnamese Bistro (Douglas St),31. Spicy Beef Noodle Soup,No description,$21.00
Green Leaf Vietnamese Bistro (Douglas St),17. Special Beef Noodle Soup,No description,$21.00
Green Leaf Vietnamese Bistro (Douglas St),29. Chicken Pho,No description,$19.00
Green Leaf Vietnamese Bistro (Douglas St),19. Rare Steak and Brisket Pho,No description,$19.00
Green Leaf Vietnamese Bistro (Douglas St),18. Sliced Rare Steak Pho,No description,$19.00
Green Leaf Vietnamese Bistro (Douglas St),28. Brisket Pho,No description,$19.00
Hi Five Chicken (Victoria),Chicken Party Meal (12 pcs),No description,$50.71
Hi Five Chicken (Victoria),Korean Chicken Sandwich,No description,$8.99
Hi Five Chicken (Victoria),Korean Chicken Sandwich Combo,No description,$13.99
Hi Five Chicken (Victoria),Kickin' Chicken Pie,No description,$2.39
Hi Five Chicken (Victoria),Mac 'n' Cheese,No description,$7.99
Hi Five Chicken (Victoria),Canuck Poutine,No description,$8.29
Hi Five Chicken (Victoria),Jalapeno Jack Poppers,No description,$7.99
Hi Five Chicken (Victoria),Onion Rings,No description,$7.99
Hi Five Chicken (Victoria),Chicken (3 Pcs),No description,$14.79
Hi Five Chicken (Victoria),Chicken,No description,$10.49
Hi Five Chicken (Victoria),Chicken Thigh (1 pc),No description,$5.99
Hi Five Chicken (Victoria),Chicken Leg (1 pc),No description,$4.79
Hi Five Chicken (Victoria),Chicken Breast (1 pc),No description,$5.99
Hi Five Chicken (Victoria),Chicken (2 pcs),No description,$10.49
Hi Five Chicken (Victoria),2 pc Chicken Meal,No description,$15.49
Hi Five Chicken (Victoria),3 pc Chicken Meal,No description,$19.79
Hi Five Chicken (Victoria),4 pc Chicken Meal,No description,$22.99
Hi Five Chicken (Victoria),Home-Style Spicy Chicken Sandwich (Fried),No description,$12.99
Hi Five Chicken (Victoria),Hi Five Classic,No description,$12.99
Hi Five Chicken (Victoria),Spicy Roasted Chicken Sandwich,No description,$11.99
Sabor Mix Latino,Pupusas De Queso,No description,$5.00
Sabor Mix Latino,Pupusas De Loroco,No description,$5.00
Sabor Mix Latino,Pupusas Revueltas,No description,$5.00
Sabor Mix Latino,Birria Taco,No description,$5.00
Sabor Mix Latino,Asada Taco,No description,$5.00
Sabor Mix Latino,Adobada Taco,No description,$5.00
Sabor Mix Latino,Taco Sampler,No description,$22.50
Sabor Mix Latino,Chicken Taco,No description,$5.00
Sabor Mix Latino,Burritos,No description,$18.00
Sabor Mix Latino,Chichar√≥n with Yuca or Tortillas (Chichar√≥n Con Yuca or Tortillas),No description,$25.00
Sabor Mix Latino,Carne Adobada,No description,$25.00
Sabor Mix Latino,Quesadilla with Meat,No description,$14.00
Sabor Mix Latino,Veggie Burrito,No description,$16.00
Sabor Mix Latino,Carne Asada,No description,$25.00
Sabor Mix Latino,Salsa,No description,$2.50
Sabor Mix Latino,Rice,No description,$5.00
Sabor Mix Latino,Black Beans,No description,$5.00
Sabor Mix Latino,Sour Cream,No description,$2.50
Sabor Mix Latino,Corn Tortillas (3 pcs),No description,$3.50
Sabor Mix Latino,Extra Meat,No description,$3.00
Local Pizza (1483 Douglas St),"Your Pizza Your Way Pizza (12"") (Medium)",No description,$13.75
Local Pizza (1483 Douglas St),"Your Pizza Your Way Pizza (16"") (Extra-Large)",No description,$23.75
Local Pizza (1483 Douglas St),"Tandoori Paneer Pizza (12"") (Medium)",No description,$18.75
Local Pizza (1483 Douglas St),Mexican Beef Taco Pizza,No description,$18.75
Local Pizza (1483 Douglas St),Beyond Veggie- Plant Based,No description,$18.75
Local Pizza (1483 Douglas St),"Mexican Chicken Taco Pizza (12"")",No description,$18.75
Local Pizza (1483 Douglas St),Not so Hawaiian - Plant Based,No description,$18.75
Local Pizza (1483 Douglas St),"Tandoori Chicken Pizza (12"") (Medium)",No description,$18.75
Local Pizza (1483 Douglas St),"Double Pepperoni Pizza (12"") (Medium)",No description,$18.75
Local Pizza (1483 Douglas St),"Not So Hawaiian Pizza (12"") (Medium)",No description,$18.75
Local Pizza (1483 Douglas St),"Loaded Pizza (12"") (Medium)",No description,$18.75
Local Pizza (1483 Douglas St),"Meat Lovers Pizza (12"") (Medium)",No description,$18.75
Local Pizza (1483 Douglas St),"The Canuck Pizza (12"") (Medium)",No description,$18.75
Local Pizza (1483 Douglas St),"The Islander Pizza (12"") (Medium)",No description,$18.75
Local Pizza (1483 Douglas St),"Pesto Chicken Pizza (12"") (Medium)",No description,$18.75
Local Pizza (1483 Douglas St),"BBQ Chicken Pizza (12"") (Medium)",No description,$18.75
Local Pizza (1483 Douglas St),"Spicy Tandoori Pizza (12"") (Medium)",No description,$18.75
Local Pizza (1483 Douglas St),"Butter Chicken Pizza (12"") (Medium)",No description,$18.75
Local Pizza (1483 Douglas St),"The Greek Pizza (12"") (Medium)",No description,$18.75
Local Pizza (1483 Douglas St),"Veggie Garden Pizza (12"") (Medium)",No description,$18.75
Sizzling Tandoor (Johnson),Tandoori Chicken,No description,$22.00
Sizzling Tandoor (Johnson),Mixed Grill,No description,$34.00
Sizzling Tandoor (Johnson),Chicken Tikka,No description,$22.00
Sizzling Tandoor (Johnson),Shish Kebab,No description,$22.00
Sizzling Tandoor (Johnson),Malai Chicken Tikka,No description,$22.00
Sizzling Tandoor (Johnson),Tandoori Fish,No description,$24.00
Sizzling Tandoor (Johnson),Tandoori Vegetable Platter,No description,$23.00
Sizzling Tandoor (Johnson),Tandoori Prawns,No description,$28.00
Sizzling Tandoor (Johnson),Rice,No description,$5.50
Sizzling Tandoor (Johnson),Raita,No description,$4.25
Sizzling Tandoor (Johnson),Papadum,No description,$3.00
Sizzling Tandoor (Johnson),Mango Chutney,No description,$3.50
Sizzling Tandoor (Johnson),Achaar,No description,$2.00
Sizzling Tandoor (Johnson),Sliced Onions,No description,$3.50
Sizzling Tandoor (Johnson),Daal Soup,No description,$10.00
Sizzling Tandoor (Johnson),Caesar Salad,No description,$10.00
Sizzling Tandoor (Johnson),Tomato Soup,No description,$10.00
Sizzling Tandoor (Johnson),Sizzling Tandoor Green Salad (V),No description,$12.00
Sizzling Tandoor (Johnson),Mulligatawny Soup,No description,$12.00
Sizzling Tandoor (Johnson),Kachumber Salad,No description,$12.00
Casa Filipino Cuisine,Beef Stew w/ Rice,No description,$19.99
Casa Filipino Cuisine,Spring Rolls,No description,$15.99
Casa Filipino Cuisine,Pancit,No description,$17.99
Casa Filipino Cuisine,Bopis w/ Rice,No description,$18.99
Casa Filipino Cuisine,Pork Adobo w/ Rice,No description,$19.99
Casa Filipino Cuisine,Kare Kare w/ Rice,No description,$21.99
Casa Filipino Cuisine,Dinuguan w/ Rice,No description,$19.99
Casa Filipino Cuisine,Beef Bulalo w/ Rice,No description,$22.99
Casa Filipino Cuisine,Halo Halo,No description,$12.99
Casa Filipino Cuisine,Tapsilog,No description,$16.99
Casa Filipino Cuisine,PINAPAITAN Beef Heart Soup w/ Rice,No description,$19.99
Casa Filipino Cuisine,Pansit Palabok,No description,$17.99
Casa Filipino Cuisine,Pork Sisig w/ Rice,No description,$19.50
Casa Filipino Cuisine,PLAIN RICE,No description,$3.00
Casa Filipino Cuisine,Crispy Pata w/ Rice,No description,$23.99
Casa Filipino Cuisine,Bicol Express w/ Rice,No description,$18.99
Casa Filipino Cuisine,TOSILOG,No description,$16.99
Casa Filipino Cuisine,Chicken Skin Crispy (Chicharon},No description,$11.99
Casa Filipino Cuisine,Longsilog,No description,$15.99
Casa Filipino Cuisine,Bangsilog,No description,$16.99
Varsha Indian Kitchen,Ras Malai,No description,$5.77
Varsha Indian Kitchen,Number of Plastic Cutlery,No description,$0.27
Varsha Indian Kitchen,Chef's Choice Platter,No description,$59.40
Varsha Indian Kitchen,Vegetarian Platter,No description,$64.90
Varsha Indian Kitchen,Mom's Platter,No description,$59.40
Varsha Indian Kitchen,Mom's Samosas,No description,$9.62
Varsha Indian Kitchen,Vegetarian Pakora,No description,$8.74
Varsha Indian Kitchen,Chilli Chicken,No description,$18.64
Varsha Indian Kitchen,Varsha's Butter Chicken Poutine,No description,$17.54
Varsha Indian Kitchen,Cauliflower 250,No description,$15.40
Varsha Indian Kitchen,Varsha's Naan Bread,No description,$9.07
Varsha Indian Kitchen,Masala Fries,No description,$8.74
Varsha Indian Kitchen,Varsha's Wings,No description,$16.44
Varsha Indian Kitchen,Chicken Pakora,No description,$12.65
Varsha Indian Kitchen,Fish Pakora,No description,$12.65
Varsha Indian Kitchen,Masala Fish and Chips,No description,$17.87
Varsha Indian Kitchen,Butter Chicken Samosa,No description,$8.80
Varsha Indian Kitchen,Paneer Pakora,No description,$12.10
Varsha Indian Kitchen,Yam Fries,No description,$9.07
Varsha Indian Kitchen,Shrimp Pakora,No description,$13.14
Dumpling Drop,Pork Belly Dumplings,No description,$8.75
Dumpling Drop,Homemade Peanut Sauce and Rice,No description,$5.75
Dumpling Drop,Rice & Chili Oil,No description,$4.00
Dumpling Drop,Classic Vegan Dumplings,No description,$8.75
Dumpling Drop,Mango & Sticky Rice,No description,$6.75
Dumpling Drop,Yuzu Brussels Sprouts,No description,$8.75
Dumpling Drop,Khao Soi ( Chicken),No description,$20.00
Dumpling Drop,Crispy Chicken Baos,No description,$8.75
Dumpling Drop,Khao Soi ( Beef),No description,$20.00
Dumpling Drop,Special Dumplings (Spicy Ginger Beef),No description,$8.50
Dumpling Drop,Aloe Vera Drink,No description,$3.00
Dumpling Drop,Vita Lemon Tea Drink,No description,$2.75
Dumpling Drop,Phillippine Brand Mango Juice Nectar,No description,$2.75
Dumpling Drop,Philippine Brand Guava Juice Nectar,No description,$2.75
Dumpling Drop,Coconut Water,No description,$2.50
Dumpling Drop,Philippine Brand Guava Juice Nectar,No description,$2.50
Dumpling Drop,Sanpellegrino Limonata,No description,$2.50
Dumpling Drop,Bubly Water - Cherry,No description,$2.75
Dumpling Drop,Coca-Cola,No description,$2.75
Dumpling Drop,Sanpellegrino Aranciata Rossa,No description,$3.25
Burger King (1328 Douglas Street),NEW! Mushroom & Swiss Whopper Melt Meal,No description,$17.14
Burger King (1328 Douglas Street),NEW! Bacon Whopper Melt Meal,No description,$18.18
Burger King (1328 Douglas Street),NEW! Classic Whopper Melt Meal,No description,$16.88
Burger King (1328 Douglas Street),NEW! Double Classic Whopper Melt Meal,No description,$18.18
Burger King (1328 Douglas Street),NEW! Cotton Candy Shake,No description,$6.89
Burger King (1328 Douglas Street),NEW! Cotton Candy BK Blast,No description,$4.59
Burger King (1328 Douglas Street),Family Bundle For 3 with King Jr. Meal,No description,$24.99
Burger King (1328 Douglas Street),Value Bundle For 4,No description,$29.99
Burger King (1328 Douglas Street),Bacon Cheeseburger,No description,$4.14
Burger King (1328 Douglas Street),WHOPPER with Cheese Meal,No description,$17.14
Burger King (1328 Douglas Street),WHOPPER,No description,$10.38
Burger King (1328 Douglas Street),Bacon King Meal,No description,$21.04
Burger King (1328 Douglas Street),WHOPPER Meal,No description,$15.84
Burger King (1328 Douglas Street),WHOPPER with Cheese,No description,$11.68
Burger King (1328 Douglas Street),Bacon King,No description,$15.58
Burger King (1328 Douglas Street),Roadhouse King Meal,No description,$21.04
Burger King (1328 Douglas Street),Double WHOPPER with Cheese Meal,No description,$19.74
Burger King (1328 Douglas Street),Impossible Whopper,No description,$10.38
Burger King (1328 Douglas Street),Impossible Whopper Meal,No description,$15.84
Burger King (1328 Douglas Street),WHOPPER JR.,No description,$6.48
Chic-K-Flare (Victoria),Drumsticks (3 pcs),No description,$13.99
Chic-K-Flare (Victoria),2 Pc Chicken,No description,$10.49
Chic-K-Flare (Victoria),3 Pc Chicken,No description,$14.79
Chic-K-Flare (Victoria),4 Pc Chicken,No description,$17.99
Chic-K-Flare (Victoria),Drumsticks (3 pcs),No description,$13.99
Chic-K-Flare (Victoria),2 Pc Chicken Combo,No description,$15.49
Chic-K-Flare (Victoria),3 Pc Chicken Combo,No description,$19.79
Chic-K-Flare (Victoria),4 Pc Chicken Combo,No description,$22.99
Chic-K-Flare (Victoria),8 Pc Chicken Combo,No description,$51.79
Chic-K-Flare (Victoria),8 Pc Chicken Nuggets,No description,$13.99
Chic-K-Flare (Victoria),4 Pc Chicken Nuggets Combo,No description,$14.99
Chic-K-Flare (Victoria),5 Pc Wings,No description,$11.79
Chic-K-Flare (Victoria),Yang Nyeom Chicken Sandwich,No description,$12.99
Chic-K-Flare (Victoria),White Onion Chicken Sandwich,No description,$12.99
Chic-K-Flare (Victoria),Volcano Chicken Sandwich,No description,$12.99
Chic-K-Flare (Victoria),Yang Nyeom Chicken Sandwich Combo,No description,$16.99
Chic-K-Flare (Victoria),White Onion Chicken Sandwich Combo,No description,$16.99
Chic-K-Flare (Victoria),Volcano Chicken Sandwich Combo,No description,$16.99
Chic-K-Flare (Victoria),Fries,No description,$5.99
Chic-K-Flare (Victoria),Mashed Potatoes,No description,$7.19
Indian Aroma,Samosa Chaat,No description,$8.79
Indian Aroma,Vegetable Samosa,No description,$6.05
Indian Aroma,Paneer Pakora,No description,$8.79
Indian Aroma,Vegetable Mix Pakora,No description,$7.69
Indian Aroma,Papadi Chaat,No description,$7.69
Indian Aroma,Aroma Special Snacks,No description,$12.09
Indian Aroma,Aloo Tikki Chaat,No description,$8.79
Indian Aroma,Onion Bhajia,No description,$7.15
Indian Aroma,Fish Pakora,No description,$10.99
Indian Aroma,Gobhi Garlic,No description,$8.79
Indian Aroma,Chicken Pakora,No description,$10.99
Indian Aroma,Prawns Pakora,No description,$13.19
Indian Aroma,Aroma Chicken Wings,No description,$10.99
Indian Aroma,Aroma Fresh Salad,No description,$7.69
Indian Aroma,Kachumber Salad,No description,$7.15
Indian Aroma,Lachha Onion Salad,No description,$3.85
Indian Aroma,Caesar Salad Vegetable,No description,$7.69
Indian Aroma,Caesar Salad Chicken,No description,$9.35
Indian Aroma,Dal Soup,No description,$4.39
Indian Aroma,Mulligtawny Soup,No description,$5.49
Momi Noodle House,H2. Sweet & Spicy Fish Hotpot Noodle ÁîúËæ£Ê≤∏ËÖæÈ±ºÂêäÈîÖÁ≤â,No description,$24.50
Momi Noodle House,A10. Pickled Cabbage Fish noodle   ÈÖ∏ËèúÈ±ºÁ≤â,No description,$24.50
Momi Noodle House,H3.SPICY Szechuan Chicken hotpot noodleSpicy Szechuan Chicken hotpot noodle Âπ≤ÈîÖËæ£Â≠êÈ∏°Á≤â,No description,$24.50
Momi Noodle House,H6.Mix vege Mushroom Soup hotpot noodle ÊºìÊ±üÈáéËèåÂêäÈîÖÁ≤â,No description,$24.50
Momi Noodle House,H4.Sour Cabbage Pork Belly hotpot noodle ÈÖ∏ËèúÁôΩËÇâÂêäÈîÖÁ≤â,No description,$24.50
Momi Noodle House,A4. Dan Dan rice noodle Ëæ£Ê±ÅÊãÖÊãÖÁ≤â,No description,$16.95
Momi Noodle House,A2. Guilin Hot & Sour Noodle Ê°ÇÊûóÈÖ∏Ëæ£Á≤â,No description,$16.95
Momi Noodle House,A1. Guilin Marinade Noodle Ê°ÇÊûóÁ±≥Á≤â,No description,$16.95
Momi Noodle House,A3. Momi Mixed rice noodle Ëë±Ê≤πÊãåÊãåÁ≤â,No description,$16.95
Momi Noodle House,A15. MOMI Fried rice noodle/rice  Á£®Á±≥ÁâπËâ≤ÁÇíÁ≤â/ÁÇíÈ•≠,No description,$18.95
Momi Noodle House,A17.  Mapo tofuÈ∫ªÂ©ÜË±ÜËÖê,No description,$16.95
Momi Noodle House,A8. Beef briskets rice noodle  ËêùÂçúÁâõËÖ©Ê±§Á≤â,No description,$18.95
Momi Noodle House,A6. Wonton Soup rice noodle ÈáëÁâå‰∫ëÂêûÊ±§Á≤â,No description,$14.95
Momi Noodle House,A7. pork knuckles rice noodle Âç§È¶ôÁå™ËÑöÁ≤â,No description,$18.95
Momi Noodle House,A14. General Tso's Chicken  Â∑¶ÂÆóÊ£†È∏°,No description,$18.95
Momi Noodle House,A9. Sesame Oil Chicken Soup rice noodle        ÈòøÂ¨∑È∫ªÊ≤πÈ∏°Á≤â,No description,$18.95
Momi Noodle House,A11. sweet and sour pork ribÈÖ∏ÁîúÂíïÂôúËÇâ,No description,$18.95
Momi Noodle House,A5. Braisd Pork rice noodle Ê≤πËë±Âç§ËÇâÁ≤â,No description,$16.95
Momi Noodle House,A13. Saute chicken in hot sauce ÊπòË•øÂúüÂå™È∏°,No description,$18.95
Momi Noodle House,A18. Curry Chicken with PotatoÂíñÂñ±È∏°ËÇâ,No description,$18.95
Second Slice Pizza (1322 Douglas St),Bread Sticks,No description,$5.99
Second Slice Pizza (1322 Douglas St),"Garlic Chicken Pizza (10"" Small)",No description,$15.99
Second Slice Pizza (1322 Douglas St),"Southwest Hawaiian Pizza (10"" Small)",No description,$15.99
Second Slice Pizza (1322 Douglas St),"Bacon Cheeseburger Pizza (10"" Small)",No description,$15.99
Second Slice Pizza (1322 Douglas St),"BBQ Chicken Pizza (10"" Small)",No description,$15.99
Second Slice Pizza (1322 Douglas St),"Chicken Pesto Pizza (10"" Small)",No description,$15.99
Second Slice Pizza (1322 Douglas St),"Super Hawaiian Pizza (10"" Small)",No description,$15.99
Second Slice Pizza (1322 Douglas St),"Deluxe Pizza (10"" Small)",No description,$15.99
Second Slice Pizza (1322 Douglas St),"Supreme Pizza (10"" Small)",No description,$15.99
Second Slice Pizza (1322 Douglas St),"Pesto Fiesta Pizza (10"" Small)",No description,$15.99
Second Slice Pizza (1322 Douglas St),"House Pizza (10"" Small)",No description,$15.99
Second Slice Pizza (1322 Douglas St),"Butter Chicken Pizza (10"" Small)",No description,$15.99
Second Slice Pizza (1322 Douglas St),Tandoori Chicken Gourmet Pizza (Small),No description,$15.99
Second Slice Pizza (1322 Douglas St),"Mexican Pizza (10"" Small)",No description,$15.99
Second Slice Pizza (1322 Douglas St),"Garlic Lovers Pizza (10"" Small)",No description,$15.99
Second Slice Pizza (1322 Douglas St),"Meat Lovers Pizza (10"" Small)",No description,$15.99
Second Slice Pizza (1322 Douglas St),"Canadian Pizza (10"" Small)",No description,$15.99
Second Slice Pizza (1322 Douglas St),Super  Veggie Gourmet Pizza (Small),No description,$15.99
Second Slice Pizza (1322 Douglas St),"Pepperoni Feast Pizza (12"" Medium)",No description,$17.99
Second Slice Pizza (1322 Douglas St),"Butter Chicken Pizza (12"" Medium)",No description,$17.99
Subway (1324 Douglas St),#16 Tandoori Twist,No description,$9.31
Subway (1324 Douglas St),#17 Cuban Crunch,No description,$10.01
Subway (1324 Douglas St),#18 Nashville-Style Hot Chicken,No description,$10.60
Subway (1324 Douglas St),#19 Chimichurri Steak & Cheese,No description,$11.78
Subway (1324 Douglas St),#20 Little Sicily,No description,$10.13
Subway (1324 Douglas St),#21 Tandoori- Spiced Mozza,No description,$8.48
Subway (1324 Douglas St),#22 The Big Veggie,No description,$9.78
Subway (1324 Douglas St),#2 Great Canadian Club,No description,$10.25
Subway (1324 Douglas St),#23 Mozzarella Melt,No description,$8.48
Subway (1324 Douglas St),#24 Chimichurri Veggie,No description,$9.42
Subway (1324 Douglas St),#25 Shawarma Chicken,No description,$14.62
Subway (1324 Douglas St),#25 Shawarma Chicken,No description,$14.62
Subway (1324 Douglas St),Jerk-Spiced Chicken,No description,$13.55
Subway (1324 Douglas St),Jerk-Spiced Chicken,No description,$13.55
Subway (1324 Douglas St),#5 Chicken Rancher,No description,$11.08
Subway (1324 Douglas St),#1 Canuck Classic,No description,$9.19
Subway (1324 Douglas St),#8 Steak'n Bacon,No description,$11.78
Subway (1324 Douglas St),#3 Turkey Rancher,No description,$10.49
Subway (1324 Douglas St),#6 Teriyaki Crunch,No description,$10.37
Subway (1324 Douglas St),#9 Stampede Brisket,No description,$12.49
Nubo Japanese Tapas,Avocado Green salad,No description,$17.00
Nubo Japanese Tapas,Tuna Tataki Salad,No description,$20.00
Nubo Japanese Tapas,Pacific Sashimi Salad,No description,$21.00
Nubo Japanese Tapas,Egg & Potato Salad,No description,$12.00
Nubo Japanese Tapas,Wild Salmon Sashimi (2 pcs),No description,$8.50
Nubo Japanese Tapas,Egg (Tamago) Sashimi (2 pcs),No description,$5.50
Nubo Japanese Tapas,Tuna Sashimi (2 pcs),No description,$8.50
Nubo Japanese Tapas,Tuna Belly (Toro) Sashimi (2 pcs),No description,$11.00
Nubo Japanese Tapas,Octopus (Tako) Sashimi (2 pcs),No description,$8.50
Nubo Japanese Tapas,Yellowtail (Hamachi) Sashimi (2 pcs),No description,$12.00
Nubo Japanese Tapas,Spot Prawn (Ama Ebi) Sashimi (2 pcs),No description,$12.00
Nubo Japanese Tapas,Mackerel (Saba) Sashimi (2 pcs),No description,$7.50
Nubo Japanese Tapas,Ponzu Tuna Tataki Sashimi (2 pcs),No description,$10.00
Nubo Japanese Tapas,Scallop (Hotate) Sashimi (2 pcs),No description,$10.00
Nubo Japanese Tapas,Wild Salmon Nigiri (2 pcs),No description,$8.50
Nubo Japanese Tapas,Tuna Nigiri (2 pcs),No description,$8.50
Nubo Japanese Tapas,Egg (Tamago) Nigiri (2 pcs),No description,$5.50
Nubo Japanese Tapas,Octopus (Tako) Nigiri (2 pcs),No description,$8.50
Nubo Japanese Tapas,Baby Scallop Nigiri (2 pcs),No description,$7.50
Nubo Japanese Tapas,Mackerel (Saba) Nigiri (2 pcs),No description,$7.50
Golden City Restaurant,Egg Roll (Each),No description,$3.00
Golden City Restaurant,Pan Fried Dumplings (10 pcs),No description,$15.95
Golden City Restaurant,Deep Fried Wonton with Sweet & Sour Sauce,No description,$12.95
Golden City Restaurant,Honey Garlic Pork,No description,$16.95
Golden City Restaurant,Dry Garlic Pork,No description,$16.95
Golden City Restaurant,Deep Fried Chicken Wings (10 pcs),No description,$17.95
Golden City Restaurant,Minced Chicken with Cream Corn,No description,$5.95
Golden City Restaurant,Mixed Seafood with Tofu Soup,No description,$8.95
Golden City Restaurant,Wonton Soup (Pork),No description,$5.95
Golden City Restaurant,"Green Pea, Mushroom, & Egg Swirl Soup",No description,$5.95
Golden City Restaurant,Hot & Sour Soup,No description,$5.95
Golden City Restaurant,Wor Wonton Soup (Shrimp & BBQ Pork) (Large),No description,$20.95
Golden City Restaurant,Chicken Chow Mein,No description,$16.95
Golden City Restaurant,House Special Chow Mein,No description,$18.95
Golden City Restaurant,Vegetable Chow Mein,No description,$15.95
Golden City Restaurant,Beef Chow Mein,No description,$16.95
Golden City Restaurant,Shrimp Chow Mein,No description,$18.95
Golden City Restaurant,Mushroom Chow Mein,No description,$15.95
Golden City Restaurant,Beef & Tomato Chow Mein,No description,$17.95
Golden City Restaurant,B.B.Q. Pork Chow Mein,No description,$16.95
Doner Delight,Lamb Shish Platter,No description,$24.50
Doner Delight,Lamb Shish Sandwich,No description,$21.50
Doner Delight,Lamb Shish Wrap,No description,$21.50
Doner Delight,Family Size Doner Meal,No description,$54.75
Doner Delight,Family Size Kofteh Meal,No description,$54.75
Doner Delight,Delight's Family Special,No description,$59.75
Doner Delight,Family Special Wrap Meal,No description,$54.75
Doner Delight,Chicken BBQ Platter,No description,$20.75
Doner Delight,Chicken BBQ Sandwich,No description,$17.50
Doner Delight,Chicken BBQ Wrap,No description,$17.50
Doner Delight,Double Pistachio Baklava (per/piece),No description,$1.75
Doner Delight,Sobiyet Baklava (per piece),No description,$1.75
Doner Delight,Pistachio Filled Mussel Shape Baklava (per piece),No description,$1.75
Doner Delight,Pistachio-filled Kadayif (per piece),No description,$3.50
Doner Delight,3 pcs Double Pistachio Baklava (3 Pieces),No description,$5.25
Doner Delight,3 pcs Pistachio Mussel Shaped Baklava (3 pieces),No description,$5.25
Doner Delight,3 pcs Pistachio Filled Kadayif (3 Piece),No description,$10.50
Doner Delight,3 pcs Sobiyet Baklava (3 pieces),No description,$5.25
Doner Delight,Pistachio Roll Baklava (one piece),No description,$1.75
Doner Delight,3 pcs Pistachio Roll Baklava (3 pieces),No description,$5.25
Frickin' Delights Donuts,6 Assorted Donuts,No description,$17.50
Frickin' Delights Donuts,12 Assorted Donuts,No description,$30.00
La Fogata Mexicana Restaurant,Marinated Pork Taco (Taco de Adobada),No description,$6.50
La Fogata Mexicana Restaurant,Shredded Beef Taco (Taco de Birria),No description,$7.00
La Fogata Mexicana Restaurant,Green Chicken Enchiladas (Enchiladas Verdes),No description,$16.00
La Fogata Mexicana Restaurant,Burritos,No description,$17.50
La Fogata Mexicana Restaurant,Chicken Taquitos (Flautas),No description,$15.00
La Fogata Mexicana Restaurant,Salchipapas,No description,$13.00
La Fogata Mexicana Restaurant,Quesadilla,No description,$17.00
La Fogata Mexicana Restaurant,Red Cheese Enchiladas (Enchiladas Rojas),No description,$16.00
La Fogata Mexicana Restaurant,Sopes,No description,$16.00
La Fogata Mexicana Restaurant,Torta (mexican sandwich),No description,$15.50
La Fogata Mexicana Restaurant,Each Sope,No description,$7.00
La Fogata Mexicana Restaurant,Beef Steak Taco (Taco de Asada),No description,$7.00
La Fogata Mexicana Restaurant,Side of Tortilla Chips,No description,$6.00
La Fogata Mexicana Restaurant,Salsa Verde,No description,$7.00
La Fogata Mexicana Restaurant,Side of Rice,No description,$6.00
La Fogata Mexicana Restaurant,Churro with Bavarian Filling,No description,$6.00
La Fogata Mexicana Restaurant,Regular churro,No description,$5.00
La Fogata Mexicana Restaurant,South American Drinks,No description,$3.50
La Fogata Mexicana Restaurant,Jarritos,No description,$4.90
La Fogata Mexicana Restaurant,Canned Drinks,No description,$4.50
Virtuous Pie (Pandora Ave),Street Corn Pizza Pizza,No description,$23.00
Virtuous Pie (Pandora Ave),Power Bowl Salad,No description,$19.00
Virtuous Pie (Pandora Ave),Ultraviolet Pizza,No description,$22.00
Virtuous Pie (Pandora Ave),Superfunghi Pizza,No description,$22.00
Virtuous Pie (Pandora Ave),Stranger Wings Pizza,No description,$23.00
Virtuous Pie (Pandora Ave),Sweet Mary Jane Pizza,No description,$19.50
Virtuous Pie (Pandora Ave),Little Italy Pizza,No description,$24.00
Virtuous Pie (Pandora Ave),Sgt. Pepperoni Pizza,No description,$22.00
Virtuous Pie (Pandora Ave),Margherita Pizza,No description,$19.50
Virtuous Pie (Pandora Ave),Forager Pizza,No description,$24.00
Virtuous Pie (Pandora Ave),Hawaiian Summer Pizza,No description,$22.00
Virtuous Pie (Pandora Ave),Classic Pepperoni Pizza,No description,$20.00
Virtuous Pie (Pandora Ave),Street Corn Pizza Pizza,No description,$23.00
Virtuous Pie (Pandora Ave),Chicken Alfredo Pasta,No description,$22.00
Virtuous Pie (Pandora Ave),Pesto Pasta,No description,$20.00
Virtuous Pie (Pandora Ave),Mac + Cheese Skillet,No description,$18.00
Virtuous Pie (Pandora Ave),Kale Caesar Side,No description,$9.50
Virtuous Pie (Pandora Ave),Kale Caesar Entree,No description,$17.00
Virtuous Pie (Pandora Ave),GF Cheesy Garlic Flatbread,No description,$16.00
Virtuous Pie (Pandora Ave),To Go Silverware,No description,$0.00
The Art of Slow Food,The Maple Jerry,No description,$19.00
The Art of Slow Food,Breakfast Sammy,No description,$19.00
The Art of Slow Food,Banana Coconut French Toast,No description,$20.00
The Art of Slow Food,Breakfast Wrap,No description,$19.00
The Art of Slow Food,Classic BLT,No description,$19.00
The Art of Slow Food,The Reuben,No description,$20.00
The Art of Slow Food,Kimchi Grilled Cheese,No description,$19.00
The Art of Slow Food,Sourdough Tartine,No description,$19.00
The Art of Slow Food,Sourdough Cinnabun,No description,$6.00
The Art of Slow Food,Scone,No description,$6.00
The Art of Slow Food,Sourdough Boule,No description,$15.00
The Art of Slow Food,Rustic Loaf,No description,$10.00
The Art of Slow Food,Sandwich Loaf (Half),No description,$15.00
The Art of Slow Food,Kaiser Buns (4pack),No description,$14.00
The Art of Slow Food,Sourdough Pizza Dough (1 pc),No description,$8.00
The Art of Slow Food,Sausage Roll,No description,$9.00
The Art of Slow Food,Muffin,No description,$6.00
The Art of Slow Food,Herbed Garlic Fingers,No description,$18.00
The Art of Slow Food,Plant Lover,No description,$21.00
The Art of Slow Food,Mindful Carnivore,No description,$22.00
Slt Pierogi Bar,Pierogi Sampler,No description,$17.00
Slt Pierogi Bar,Pubby Tubby,No description,$7.50
Slt Pierogi Bar,SQUEAKS,No description,$4.60
Slt Pierogi Bar,Twenty Four Seven,No description,$5.10
Slt Pierogi Bar,Hulk Smash,No description,$4.80
Slt Pierogi Bar,Original Gangster,No description,$7.50
Slt Pierogi Bar,Pee Wee,No description,$4.90
Slt Pierogi Bar,Pierogi Sampler,No description,$17.00
Slt Pierogi Bar,DB-CB,No description,$4.85
Slt Pierogi Bar,SQUEAKS,No description,$4.60
Slt Pierogi Bar,Twenty Four Seven,No description,$5.10
Slt Pierogi Bar,Gonzo Garbanzo,No description,$4.75
Slt Pierogi Bar,Hulk Smash,No description,$4.80
Slt Pierogi Bar,CRABBY CABBY,No description,$4.85
Slt Pierogi Bar,Pee Wee,No description,$4.90
Slt Pierogi Bar,MEDIUM PIEROGI POUTINE / 9 PIEROGIES,No description,$18.50
Slt Pierogi Bar,LARGE HOW THE WEST WAS WON / 12 PIEROGIES,No description,$23.00
Slt Pierogi Bar,LARGE PIEROGI POUTINE / 12 PIEROGIES,No description,$23.00
Slt Pierogi Bar,LARGE NAH - BRO / 12 PIEROGIES,No description,$23.00
Slt Pierogi Bar,MEDIUM NAH - BRO / 9 PIEROGIES,No description,$18.50
Victoria Pocha,Pop,No description,$3.00
Victoria Pocha,Milkis,No description,$4.50
Victoria Pocha,Chinese Sweet Tea (Jia duo bao),No description,$4.00
Victoria Pocha,S. Pellegrino (1 lt),No description,$4.00
Victoria Pocha,Steamed Rice,No description,$2.50
Victoria Pocha,Kimchi,No description,$3.50
Victoria Pocha,Rice With Steak Sauce,No description,$4.50
Victoria Pocha,Cheese Sticks (6 pcs),No description,$6.00
Victoria Pocha,Edamame,No description,$6.00
Victoria Pocha,Garlic Butter Edamame,No description,$7.00
Victoria Pocha,Spicy Edamame,No description,$7.00
Victoria Pocha,Tako-wasabi,No description,$6.50
Victoria Pocha,Veggie Spring Roll,No description,$7.00
Victoria Pocha,Gyoza,No description,$7.00
Victoria Pocha,Gimmari,No description,$7.00
Victoria Pocha,Korokke,No description,$8.50
Victoria Pocha,Takoyaki (5 pcs),No description,$8.00
Victoria Pocha,Cup Bab,No description,$11.00
Victoria Pocha,Bao (2pcs),No description,$12.00
Victoria Pocha,Wakame Salad,No description,$6.00
Papa's Poutinerie,Big Barn,No description,$22.00
Papa's Poutinerie,Tin Tater,No description,$15.00
Papa's Poutinerie,Piece From The East,No description,$12.00
Papa's Poutinerie,The Shredder,No description,$16.00
Papa's Poutinerie,Disco Inferno,No description,$20.00
Papa's Poutinerie,The Basic Bee,No description,$16.00
Papa's Poutinerie,Foragers Feast,No description,$15.00
Papa's Poutinerie,GRIZZLY END,No description,$21.00
Papa's Poutinerie,YAM FRIES,No description,$6.00
Papa's Poutinerie,FRESH CUT FRIES,No description,$6.00
Papa's Poutinerie,HERBED POTATO WEDGES,No description,$6.00
Papa's Poutinerie,Tin Tater,No description,$15.00
Papa's Poutinerie,Piece From The East,No description,$12.00
Papa's Poutinerie,The Shredder,No description,$16.00
Papa's Poutinerie,The Basic Bee,No description,$16.00
Papa's Poutinerie,Foragers Feast,No description,$15.00
Papa's Poutinerie,Mt Vesuvius,No description,$15.00
Papa's Poutinerie,ST CATHERINE'S,No description,$16.00
Papa's Poutinerie,Big Barn,No description,$22.00
Papa's Poutinerie,Disco Inferno,No description,$20.00
SHASHWAT INDIAN CUISINE,Khakhra,No description,$2.49
SHASHWAT INDIAN CUISINE,Roasted Papad,No description,$2.49
SHASHWAT INDIAN CUISINE,Makhana Masala,No description,$2.99
SHASHWAT INDIAN CUISINE,Papri,No description,$2.49
SHASHWAT INDIAN CUISINE,chicken Hot & Sour Soup,No description,$7.49
SHASHWAT INDIAN CUISINE,Hot & Sour Soup,No description,$6.49
SHASHWAT INDIAN CUISINE,Paya (Goat) Shorba,No description,$7.99
SHASHWAT INDIAN CUISINE,Chicken Soup,No description,$6.49
SHASHWAT INDIAN CUISINE,Vegetable Soup,No description,$5.49
SHASHWAT INDIAN CUISINE,Tamatar Shorba,No description,$5.49
SHASHWAT INDIAN CUISINE,Dal Shorba,No description,$5.49
SHASHWAT INDIAN CUISINE,Sea Food Soup,No description,$7.99
SHASHWAT INDIAN CUISINE,Paneer Pakora,No description,$11.49
SHASHWAT INDIAN CUISINE,Chicken Pakora,No description,$9.49
SHASHWAT INDIAN CUISINE,Fish Pakora,No description,$11.49
SHASHWAT INDIAN CUISINE,Prawn Golden,No description,$9.99
SHASHWAT INDIAN CUISINE,Samosa,No description,$6.49
SHASHWAT INDIAN CUISINE,Wings,No description,$13.49
SHASHWAT INDIAN CUISINE,Cauliflower,No description,$10.99
SHASHWAT INDIAN CUISINE,Papri,No description,$7.99
Leopold's Tavern (Victoria),Add Extra Dip,No description,Priced by add-ons
Leopold's Tavern (Victoria),"Disposable Cutlery, Please!",No description,$0.00
Leopold's Tavern (Victoria),Add Ketchup,No description,$0.00
Leopold's Tavern (Victoria),Fried Mac & Cheese Bites,No description,$17.00
Leopold's Tavern (Victoria),Boneless Wings,No description,$19.00
Leopold's Tavern (Victoria),Traditional Wings,No description,$19.00
Leopold's Tavern (Victoria),Perogies,No description,$8.50
Leopold's Tavern (Victoria),Curly Fries,No description,$10.50
Leopold's Tavern (Victoria),Scotch Egg,No description,$9.50
Leopold's Tavern (Victoria),Cauliflower Bites,No description,$19.00
Leopold's Tavern (Victoria),Chips & Guac,No description,$14.00
Leopold's Tavern (Victoria),Breaded Wings,No description,$19.00
Leopold's Tavern (Victoria),Thai Chili Popcorn Chicken,No description,$14.00
Leopold's Tavern (Victoria),Garlic Parm Snack Fries,No description,$10.50
Leopold's Tavern (Victoria),Dill Pickle Snack Fries,No description,$10.50
Leopold's Tavern (Victoria),Peppercorn Snack Fries,No description,$10.50
Leopold's Tavern (Victoria),Sweet Fries,No description,$10.50
Leopold's Tavern (Victoria),Fries,No description,$8.50
Leopold's Tavern (Victoria),Pickled Egg,No description,$1.50
Leopold's Tavern (Victoria),Loaded Queso Dip,No description,$16.00
Ocean Garden,Hot-and-Sour Soup,No description,$10.95
Ocean Garden,Wor Wonton Soup,No description,$14.95
Ocean Garden,Wonton Soup,No description,$10.95
Ocean Garden,Beef and Greens Wonton Soup,No description,$11.95
Ocean Garden,Chicken Cream Corn Soup,No description,$10.95
Ocean Garden,Green Pea Egg Swirl Soup,No description,$10.95
Ocean Garden,Seafood Tofu Soup,No description,$12.95
Ocean Garden,Breaded Almond Chicken,No description,$15.95
Ocean Garden,Potstickers,No description,$13.95
Ocean Garden,Egg Roll (1 Pc),No description,$2.95
Ocean Garden,Deep-Fried Wonton,No description,$10.95
Ocean Garden,Chicken Wings (1 Lb),No description,$15.95
Ocean Garden,Dry Garlic Ribs,No description,$15.95
Ocean Garden,Honey Garlic Ribs,No description,$16.95
Ocean Garden,Deep-Fried Prawns,No description,$17.95
Ocean Garden,Chicken Chow Mein,No description,$14.95
Ocean Garden,Beef Chow Fun,No description,$17.95
Ocean Garden,Singapore Rice Noodles,No description,$17.95
Ocean Garden,Shanghai Noodles,No description,$17.95
Ocean Garden,House Special Chow Mein,No description,$18.95
Shanghai City Chinese Restaurant,Crispy Spring Roll,No description,$2.25
Shanghai City Chinese Restaurant,Onion Pancake,No description,$5.95
Shanghai City Chinese Restaurant,Pork Dumpling‚Äôs (4pc),No description,$7.85
Shanghai City Chinese Restaurant,Shanghai Bun (5pc),No description,$7.85
Shanghai City Chinese Restaurant,Black bean Sauce spareribs,No description,$8.95
Shanghai City Chinese Restaurant,Shrimp Dumpling‚Äôs (4pc),No description,$7.85
Shanghai City Chinese Restaurant,Spring Rolls (2pc),No description,$5.95
Shanghai City Chinese Restaurant,Pepper Salt Squid,No description,$8.95
Shanghai City Chinese Restaurant,Szechuan-Style Won Ton,No description,$12.95
Shanghai City Chinese Restaurant,BBQ Pork Buns,No description,$6.55
Shanghai City Chinese Restaurant,Shrimp and Parsley Dumpling‚Äôs,No description,$7.85
Shanghai City Chinese Restaurant,Jumbo Sticky Rice,No description,$11.95
Shanghai City Chinese Restaurant,Dry Garlic Spare Ribs,No description,$14.95
Shanghai City Chinese Restaurant,Salt and Pepper Squids,No description,$18.95
Shanghai City Chinese Restaurant,Deep-Fried Chicken Wing,No description,$13.95
Shanghai City Chinese Restaurant,Beef Dumpling‚Äôs (4pc),No description,$7.85
Shanghai City Chinese Restaurant,Honey BBQ Pork,No description,$10.95
Shanghai City Chinese Restaurant,Ma-Po Tofu,No description,$15.95
Shanghai City Chinese Restaurant,Kung-Pao Chicken,No description,$16.95
Shanghai City Chinese Restaurant,Shredded Pork with Szechuan Sauce,No description,$15.95
Snowman Cafe ,Double Oil Soy Sauce Chicken Fried Rice  comes with your choice of iced Coca-Cola or iced Sprite / ÂèåÊ≤πÈÖ±Ê≤πÈ∏°Á≤íÁÇíÈ•≠   ÈÄÅ Ëá™ÈÄâÂÜ∞ÈïáÂèØÂè£ÂèØ‰πê Êàñ ÂÜ∞ÈïáÈõ™Á¢ß,No description,$13.99
Snowman Cafe ,290g Sam's Cheese Beef Burrito comes with your choice of iced Coca-Cola or iced Sprite / 290gÂ±±ÂßÜËäùÂ£´ÁâõËÇâÂç∑È•º ÈÄÅ Ëá™ÈÄâÂÜ∞ÈïáÂèØÂè£ÂèØ‰πêÊàñÂÜ∞ÈïáÈõ™Á¢ß,No description,$14.99
Snowman Cafe ,Taiwan Original Roasted Sausage comes with your choice of iced Coca-Cola or iced Sprite  / 2Ê†πËÑÜÁöÆÂè∞ÊπæÂéüÂë≥ÁÉ§ËÇ† ÈÄÅ Ëá™ÈÄâÂÜ∞ÈïáÂèØÂè£ÂèØ‰πê Êàñ ÂÜ∞ÈïáÈõ™Á¢ß,No description,$9.99
Snowman Cafe ,Ice cold coca cola / ÂÜ∞ÈïáÂèØÂè£ÂèØ‰πê,No description,$1.99
Snowman Cafe ,Ice cold sprite / ÂÜ∞ÈïáÈõ™Á¢ß,No description,$1.99
Snowman Cafe ,Iced Master Kong iced tea / ÂÜ∞ÈïáÂ∫∑Â∏àÂÇÖÂÜ∞Á∫¢Ëå∂,No description,$2.80
Snowman Cafe ,Iced Osmanthus Plum Soup Drinkk / ÂÜ∞ÈïáÊ°ÇËä±ÈÖ∏Ê¢ÖÊ±§È•ÆÊñô,No description,$3.50
Snowman Cafe ,Braised beef rice /Á∫¢ÁÉßÁâõËÇâÈ•≠,No description,$13.99
Snowman Cafe ,Single Set Meal /Âçï‰∫∫ÁÆ°È•±Â•óÈ§êÔºö200g Orleans Roast Chicken Fillet +A Portion Organic Short Grain Rice /200gÂ••Â∞îËâØÁÉ§È∏°Êü≥+‰∏Ä‰ªΩ‰∏úÂåóÂúÜÁ≤íÁ±≥È•≠,No description,$14.99
Snowman Cafe ,Happy Double Set Meal/Ê¨¢‰∫´‰∫å‰∫∫Â•óÈ§êÔºöOne Braised Pork Belly On Rice +Seaweed and Dried Shrimp Egg Soup+Self selected Dumplings/‰∏Ä‰ªΩÁ∫¢ÁÉßËÇâÁõñÈ•≠+‰∏Ä‰ªΩÁ¥´ËèúÊ±§+Ëá™ÈÄâ‰∏Ä‰ªΩÈ•∫Â≠ê,No description,$45.99
Snowman Cafe ,"Happy Family Set Meal /Âø´‰πêÂÆ∂Â∫≠Â•óÈ§êÔºö200g Sauce Beef+15 Trafitional Pork Wonton Seaweed Soup +New Orleans Roastwings 18pieces +30 Self Selected Dumpings,6 flavors+ Taiwan Original Roasted Susaage /200gÈÖ±ÁâõËÇâ+15‰∏™Á¥´Ëèú‰∫ëÂêû+18‰∏™Â••Â∞îËâØÁÉ§ÁøÖ+30‰∏™È•∫Â≠êËá™ÈÄâ6ÁßçÈ¶Ö+2Ê†πÂè∞ÊπæÂéüÂë≥ÁÉ§ËÇ†",No description,$99.00
Snowman Cafe ,ÔºàRepurchase KingÔºâLuxury Pancakes / ÔºàÂ§çË¥≠ÁéãÔºâ Ë±™ÂçéÊâãÊäìÈ•º,No description,$9.80
Snowman Cafe ,Korea Palace Secret Recipe Tea Eggs/ Èü©ÂõΩÂÆ´Âª∑ÁßòÊñπËå∂Âè∂Ëõã 2‰∏™,No description,$4.30
Snowman Cafe ,New Orleans Style Sliced Chicken Fillet / Êñ∞Â••Â∞îËâØÁÉ§È∏°Êü≥,No description,$13.99
Snowman Cafe ,Taiwan Original Roasted Sausage / ËÑÜÁöÆÂè∞ÊπæÂéüÂë≥ÁÉ§ËÇ†2Ê†π,No description,$10.00
Snowman Cafe ,Chinese Pancake / Ëë±Ê≤πÈ•º,No description,$9.80
Snowman Cafe ,New Orleans Roast Wings (8 pcs) / Êñ∞Â••Â∞îËâØÁÉ§ÁøÖ,No description,$13.99
Snowman Cafe ,üëë Xue Yi Handmade Seasoned Beef Shank with Three Sauces/üëë Èõ™Âß®ÊâãÂ∑• ÁßòÂà∂‰∏âÈÖ±ÁâõËÇâ‰∏Ä‰ªΩ,No description,$19.80
Snowman Cafe ,Sam's Cheese Beef Burrito / Â±±ÂßÜËäùÂ£´ÁâõËÇâÂç∑È•º,No description,$14.99
Snowman Cafe ,üëë Spring Onion Oil Noodle / üëë Ëë±Ê≤πÊãåÂ∞èÈù¢,No description,$9.80
Cafe Malabar ,Chicken - Malabar Dum Biriyani (GF),No description,$22.00
Cafe Malabar ,Beef - Malabar Dum Biriyani (GF),No description,$24.00
Cafe Malabar ,Two Malabar Dum BEEF Biriyani = Free KFC or Payasam!,No description,$50.00
Cafe Malabar ,Two Malabar Dum CHICKEN Biriyani  = Free KFC or Payasam!,No description,$45.00
Cafe Malabar ,Malabari Weekend: KFC + Biriyani + Payasam,No description,$32.00
Cafe Malabar ,King Fish Biriyani (GF),No description,$24.00
Cafe Malabar ,Lamb Shank Biriyani (GF),No description,$28.00
Cafe Malabar ,Parotta + Beef in Banana Leaf aka KIZHI PAROTTA,No description,$23.00
Cafe Malabar ,KL10,No description,$20.00
Cafe Malabar ,"Kerala Rice Bowl aka CHATTY CHORU (V, GF)",No description,$18.00
Cafe Malabar ,Fish Cooked in Banana Leaf aka FISH POLLICHATHU (GF),No description,$20.00
Cafe Malabar ,Kochi Kochi (GF),No description,$24.00
Cafe Malabar ,Spicy Prawn Fried Rice aka KAYAL CHEMEEN CHATTY RICE (GF),No description,$18.00
Cafe Malabar ,Paal Parotta,No description,$25.00
Cafe Malabar ,Kerala Fried Chicken,No description,Priced by add-ons
Cafe Malabar ,Kerala Egg Puff (1 piece) (V),No description,$5.00
Cafe Malabar ,"Veg Cutlet (2 pieces) (V, VG)",No description,$8.00
Cafe Malabar ,"Idli (3 pieces) (V, VG, GF)",No description,$10.00
Cafe Malabar ,"Kerala Gun Powder Dosa (V, GF)",No description,$12.00
Cafe Malabar ,"Chilli Butter Dosa (V, GF)",No description,$14.00
Don Mee Seafood Restaurant,Shanghai Steamed Pork Dumplings (10 Pcs),No description,$18.99
Don Mee Seafood Restaurant,Don Mee Dim Sum Platter (10 pcs),No description,$21.99
Don Mee Seafood Restaurant,Deep-Fried Chicken Wings,No description,$17.99
Don Mee Seafood Restaurant,Egg Rolls,No description,$3.99
Don Mee Seafood Restaurant,BBQ Pork,No description,$17.99
Don Mee Seafood Restaurant,Deep-Fried Wonton,No description,$15.99
Don Mee Seafood Restaurant,Chef Appetizer Plate,No description,$23.99
Don Mee Seafood Restaurant,Pan Fried Pork Pot Stickers (6 Pcs),No description,$16.99
Don Mee Seafood Restaurant,Beef Lettuce Wrap,No description,$20.99
Don Mee Seafood Restaurant,Minced Beed and Egg White Swirl Soup,No description,$19.99
Don Mee Seafood Restaurant,Wonton Soup,No description,$15.99
Don Mee Seafood Restaurant,Hot-and-Sour Soup,No description,$18.99
Don Mee Seafood Restaurant,Wor Wonton Soup,No description,$21.99
Don Mee Seafood Restaurant,Seafood and Tofu Soup,No description,$19.99
Don Mee Seafood Restaurant,Lo Hon Style,No description,$18.99
Don Mee Seafood Restaurant,Vegetarian Chow Mein,No description,$17.99
Don Mee Seafood Restaurant,Mixed Vegetables,No description,$18.99
Don Mee Seafood Restaurant,Mixed Vegetable Fried Rice,No description,$17.99
Don Mee Seafood Restaurant,Tofu and Mushrooms,No description,$19.99
Don Mee Seafood Restaurant,Deep-fried Sweet-and-sour Tofu,No description,$17.99
The Doughnut Vault,4 Assorted Donuts,No description,$22.00
The Doughnut Vault,4 Assorted Donuts,No description,$22.00
The Doughnut Vault,6 Assorted Donuts,No description,$30.00
The Doughnut Vault,12 Assorted Donuts,No description,$55.00
Rise and Grind,The Originator Sandwich,No description,$8.95
Rise and Grind,Boss Hog Sandwich,No description,$9.50
Rise and Grind,B.L.A.S.T. Sandwich,No description,$9.95
Rise and Grind,The Bigness Sandwich,No description,$13.75
Rise and Grind,TWO- BRO Sandwich,No description,$13.75
Rise and Grind,Hungry Pilgrim Sandwich,No description,$10.00
Rise and Grind,The Foghorn,No description,$10.25
Rise and Grind,Veginator Sandwich,No description,$8.95
Rise and Grind,Ham Club Sandwich,No description,$13.75
Rise and Grind,Angry Bird Sandwich,No description,$11.95
Rise and Grind,Veggie Club,No description,$11.75
Rise and Grind,Veggie B.L.A.S.T,No description,$9.50
Rise and Grind,Chipotle Chicken Sandwich,No description,$11.00
Rise and Grind,Chicken B.L.A.T. Sandwich,No description,$11.95
Rise and Grind,Turkey Club Sandwich,No description,$13.75
Rise and Grind,The Boring Tuna Sandwich,No description,$10.95
Rise and Grind,Brass Monkey Sandwich,No description,$7.50
Rise and Grind,Dake Fate Sandwich,No description,$12.95
Rise and Grind,Hot Hammy Sandwich,No description,$9.75
Rise and Grind,The Terminator Sandwich,No description,$10.95
Fatburger Victoria,Fried Chicken Crisper Meal,No description,$15.61
Fatburger Victoria,CB Deluxe Meal,No description,$18.11
Fatburger Victoria,Chili Cheese Hot Dog Meal,No description,$13.11
Fatburger Victoria,Bacon N' Cheese Hot Dog Meal,No description,$13.11
Fatburger Victoria,All Dressed Hot Dog Meal,No description,$11.86
Fatburger Victoria,1/4 Lb. Fatburger Meal,No description,$17.49
Fatburger Victoria,Fast Grilled 1/3 Lb Double Cheeseburger Meal,No description,$18.11
Fatburger Victoria,Chicken Caesar Wrap Meal,No description,$18.74
Fatburger Victoria,Buffalo Chicken Wrap Meal,No description,$18.74
Fatburger Victoria,Deluxe Fried Chicken Crisper Meal,No description,$17.49
Fatburger Victoria,Beefy Straight-Up Cheeseburger Meal,No description,$15.61
Fatburger Victoria,"""Diner Plate"" Big Breakfast XL",No description,$16.86
Fatburger Victoria,"""Diner Plate"" Big Breakfast L",No description,$14.36
Fatburger Victoria,"""The Classic"" Breakfast",No description,$9.99
Fatburger Victoria,Breakfast Burrito,No description,$8.11
Fatburger Victoria,Original Fat Size Fatburger,No description,$15.61
Fatburger Victoria,XL King Burger,No description,$17.49
Fatburger Victoria,XXL Double King Burger,No description,$22.49
Fatburger Victoria,Mushroom Swiss Burger,No description,$14.99
Fatburger Victoria,Ultimate BBQ Burger,No description,$14.99
Ghost Ramen,Chicken Karaage,No description,$16.00
Ghost Ramen,Tofu Frites,No description,$14.00
Ghost Ramen,Spicy Citrus Slaw,No description,$14.00
Ghost Ramen,Miso Salad,No description,$15.00
Ghost Ramen,Ghost Fries,No description,$11.00
Ghost Ramen,Gekikara Karaage,No description,$28.00
Ghost Ramen,Spicy Miso Paitan,No description,$27.00
Ghost Ramen,Miso Tonkotsu,No description,$27.00
Ghost Ramen,Shoyu Ramen,No description,$25.00
Ghost Ramen,Vegetarian Miso Yasai,No description,$26.00
Ghost Ramen,Tori Ramen,No description,$24.00
Ghost Ramen,Vegan Shoyu,No description,$23.00
Ghost Ramen,Shio Tonkotsu,No description,$25.00
Ghost Ramen,Spicy Tan Tan Pork Ramen,No description,$25.00
Ghost Ramen,Spicy Tan Tan Veggie Ramen,No description,$25.00
Ghost Ramen,Coca Cola,No description,$3.50
Ghost Ramen,Diet Coke,No description,$3.50
Ghost Ramen,Ginger Ale,No description,$3.50
Ghost Ramen,Sprite,No description,$3.50
Ricky Ticky Tacos (576 Yates Street),"Hey Piggy, Piggy Pork Tacos",No description,$18.99
Ricky Ticky Tacos (576 Yates Street),Freakin Super Spicy Chicken Tacos,No description,$16.99
Ricky Ticky Tacos (576 Yates Street),Give it to me baby Barbacoa-Fajita Tacos,No description,$19.99
Ricky Ticky Tacos (576 Yates Street),Off The Hook Fish Tacos,No description,$20.99
Ricky Ticky Tacos (576 Yates Street),Vegan Tofu Superstar Tacos,No description,$14.99
Ricky Ticky Tacos (576 Yates Street),Flame Grilled Chicken Tacos,No description,$16.99
Ricky Ticky Tacos (576 Yates Street),Roasted Fajita Veggie Tacos,No description,$13.99
Ricky Ticky Tacos (576 Yates Street),"Soooo MUCH BEEF, BEEF Tacos",No description,$14.99
Ricky Ticky Tacos (576 Yates Street),The Holy Frijole Burrito,No description,$13.79
Ricky Ticky Tacos (576 Yates Street),The Inferno Burrito,No description,$10.49
Ricky Ticky Tacos (576 Yates Street),The Hot Mess Burrito,No description,$14.79
Ricky Ticky Tacos (576 Yates Street),The Fajita Burrito,No description,$14.28
Ricky Ticky Tacos (576 Yates Street),The Raging Guacoholic Burrito,No description,$15.78
Ricky Ticky Tacos (576 Yates Street),The Raging Guacoholic Bowl,No description,$16.78
Ricky Ticky Tacos (576 Yates Street),The Inferno Bowl,No description,$14.48
Ricky Ticky Tacos (576 Yates Street),The Fajita Bowl,No description,$15.28
Ricky Ticky Tacos (576 Yates Street),The Holy Frijole Bowl,No description,$17.78
Ricky Ticky Tacos (576 Yates Street),The Hot Mess Bowl,No description,$18.78
Ricky Ticky Tacos (576 Yates Street),Stuff'Em Big Quesadilla,No description,$18.28
Ricky Ticky Tacos (576 Yates Street),Guacamole 4 Oz,No description,$6.19
Ferris Oyster Bar & Grill,Chicken Penne Soup,No description,$15.75
Ferris Oyster Bar & Grill,Bowl Seafood Chowder,No description,$22.50
Ferris Oyster Bar & Grill,Ferris' House Salad,No description,$9.75
Ferris Oyster Bar & Grill,Fresh Shucked Local Oysters,No description,$16.00
Ferris Oyster Bar & Grill,Chicago Style Fries,No description,$6.50
Ferris Oyster Bar & Grill,Buttermilk Breaded Oysters,No description,$21.00
Ferris Oyster Bar & Grill,Cauliflower Salad,No description,$21.50
Ferris Oyster Bar & Grill,Lebanese Hummus,No description,$15.75
Ferris Oyster Bar & Grill,Seafood Tagliatelle,No description,$29.75
Ferris Oyster Bar & Grill,Ferris' Cheeseburger & FRIES,No description,$23.00
Ferris Oyster Bar & Grill,Beirut Bowl w/ LEMON FETA DRESSING,No description,$22.50
Ferris Oyster Bar & Grill,Two Piece Fish & Chips,No description,$26.00
Ferris Oyster Bar & Grill,Seafood Laksa,No description,$29.75
Ferris Oyster Bar & Grill,Bouillabaisse,No description,$29.75
Ferris Oyster Bar & Grill,The Falafel & FRIES,No description,$22.00
Ferris Oyster Bar & Grill,Pacific Rim Bowl w/ MISO DRESSING,No description,$22.50
Ferris Oyster Bar & Grill,Buttermilk Fried Oyster Burger & FRIES,No description,$23.00
Ferris Oyster Bar & Grill,Veggie Nut Burger & FRIES,No description,$22.00
Ferris Oyster Bar & Grill,Gnocchi,No description,$24.75
Ferris Oyster Bar & Grill,Turkish Spiced Lamb Wrap,No description,$23.00
Quesada Burritos and Tacos (Yates Street),Chicken Tinga Regular Burrito,No description,$13.89
Quesada Burritos and Tacos (Yates Street),Chicken Tinga Large Burrito,No description,$15.89
Quesada Burritos and Tacos (Yates Street),Chicken Tinga BA Burrito,No description,$21.89
Quesada Burritos and Tacos (Yates Street),Chicken Tinga Bowl,No description,$16.89
Quesada Burritos and Tacos (Yates Street),Chicken Tinga Quesadilla,No description,$16.89
Quesada Burritos and Tacos (Yates Street),Chicken Tinga Tacos,No description,$15.89
Quesada Burritos and Tacos (Yates Street),Chicken Tinga Nachos,No description,$18.99
Quesada Burritos and Tacos (Yates Street),Cilantro Lime Street Corn,No description,$4.99
Quesada Burritos and Tacos (Yates Street),Paprika Mayo Street Corn,No description,$4.99
Quesada Burritos and Tacos (Yates Street),Spicy Chipotle Street Corn,No description,$4.99
Quesada Burritos and Tacos (Yates Street),Signature Sauce Street Corn,No description,$4.99
Quesada Burritos and Tacos (Yates Street),Quesadilla Combo,No description,$19.59
Quesada Burritos and Tacos (Yates Street),Burrito Bowl Combo,No description,$20.29
Quesada Burritos and Tacos (Yates Street),Large Burrito Combo,No description,$19.49
Quesada Burritos and Tacos (Yates Street),Reg Burrito Combo,No description,$17.69
Quesada Burritos and Tacos (Yates Street),Big Ass Burrito Combo,No description,$23.99
Quesada Burritos and Tacos (Yates Street),3 Tacos Combo,No description,$19.49
Quesada Burritos and Tacos (Yates Street),Family Taco Kit,No description,$54.99
Quesada Burritos and Tacos (Yates Street),Family Pop Pack,No description,$12.00
Quesada Burritos and Tacos (Yates Street),Family Jarritos Pack (4),No description,$14.99
Al Barak Mediterranean Grill,Barak‚Äôs chicken Shawarama Bite,No description,$11.95
Al Barak Mediterranean Grill,Baklava Assorted Box,No description,$8.99
Al Barak Mediterranean Grill,Fattoush Salad,No description,$12.95
Al Barak Mediterranean Grill,Tabouli Salad,No description,$12.95
Al Barak Mediterranean Grill,Mediterranean Salad,No description,$11.99
Al Barak Mediterranean Grill,Rice,No description,$4.99
Al Barak Mediterranean Grill,Falafel Box,No description,$11.99
Al Barak Mediterranean Grill,Barak's Chicken Shawarma Bowl,No description,$21.95
Al Barak Mediterranean Grill,Barak's Falafel Bowl,No description,$21.95
Al Barak Mediterranean Grill,Barak's Butter Chicken Shawarma Bowl,No description,$22.95
Al Barak Mediterranean Grill,Barak's Butter Chicken Poutine Bowl,No description,$19.95
Al Barak Mediterranean Grill,Shaw Shaw Chicken Burger + Fries,No description,$14.95
Al Barak Mediterranean Grill,Barak's Chicken Shawarma Wrap,No description,$15.25
Al Barak Mediterranean Grill,Barak‚Äôs Chicken Shawarma Wrap Full Meat,No description,$15.50
Al Barak Mediterranean Grill,Barak‚Äôs chicken Shawarama Bite,No description,$11.95
Al Barak Mediterranean Grill,Barak's Falafel Wrap,No description,$15.25
Al Barak Mediterranean Grill,Barak's Butter Chicken Shawarma Wrap,No description,$16.50
Al Barak Mediterranean Grill,Lebabese Chicken Shawarma Wrap (Fries+Pickle+Meat+Sausy Goodness),No description,$15.95
Al Barak Mediterranean Grill,Barak's Baklava,No description,$13.95
Al Barak Mediterranean Grill,Barak‚Äôs Khenfe,No description,$13.95
MAiiZ Nixtamal,Esquites,No description,$10.00
MAiiZ Nixtamal,Chips & Salsa & Crema,No description,$8.13
MAiiZ Nixtamal,Taquitos Flautas,No description,$22.50
MAiiZ Nixtamal,Beef Barbacoa Tacos,No description,$25.00
MAiiZ Nixtamal,Chicken Tinga Tacos,No description,$23.75
MAiiZ Nixtamal,Mushrooms Tacos,No description,$23.75
MAiiZ Nixtamal,HuitlacocheTacos,No description,$27.50
MAiiZ Nixtamal,Grasshoppers Taco,No description,$10.00
MAiiZ Nixtamal,Ground Beef Tamal,No description,$15.00
MAiiZ Nixtamal,Chicken Tinga Tamal,No description,$13.75
MAiiZ Nixtamal,Huitlacoche Tamal,No description,$13.75
MAiiZ Nixtamal,Refried Beans Tamal,No description,$12.50
MAiiZ Nixtamal,Chicken Tinga Quesadillas,No description,$23.75
MAiiZ Nixtamal,Cheese Quesadillas,No description,$15.00
MAiiZ Nixtamal,Huitlacoche Quesadillas,No description,$24.00
MAiiZ Nixtamal,Mushroom Quesadillas,No description,$23.75
MAiiZ Nixtamal,Grasshoppers Quesadillas,No description,$24.00
MAiiZ Nixtamal,Beef Barbacoa Quesadillas,No description,$24.00
MAiiZ Nixtamal,Beef Barbacoa Chilaquiles,No description,$25.00
MAiiZ Nixtamal,Chicken Tinga Chilaquiles,No description,$23.75
El Furniture Warehouse (Victoria),Chicken fingers and Fries,No description,$12.95
El Furniture Warehouse (Victoria),Yam Fries,No description,$10.45
El Furniture Warehouse (Victoria),Perogies,No description,$11.95
El Furniture Warehouse (Victoria),Crispy Chicken Wings,No description,$13.95
El Furniture Warehouse (Victoria),Warehouse Poutine,No description,$12.50
El Furniture Warehouse (Victoria),Bowl of fries,No description,$7.95
El Furniture Warehouse (Victoria),Caesar Salad,No description,$12.95
El Furniture Warehouse (Victoria),Chicken Caesar wrap,No description,$13.50
El Furniture Warehouse (Victoria),Cajun chicken and cheddar sandwich,No description,$13.95
El Furniture Warehouse (Victoria),Smoke Show Burger,No description,$13.95
El Furniture Warehouse (Victoria),Crispy Chicken Sandwich,No description,$13.95
El Furniture Warehouse (Victoria),Mushroom Swiss Burger,No description,$13.95
El Furniture Warehouse (Victoria),Works Burger,No description,$13.95
El Furniture Warehouse (Victoria),Quesadilla,No description,$13.45
El Furniture Warehouse (Victoria),General Tao Bowl,No description,$13.75
El Furniture Warehouse (Victoria),Warehouse Mac & Cheese,No description,$13.75
El Furniture Warehouse (Victoria),Spicy vodka rigatoni,No description,Sold out
El Furniture Warehouse (Victoria),Mini Donuts,No description,$9.95
El Furniture Warehouse (Victoria),Red Bull,No description,$4.25
El Furniture Warehouse (Victoria),Jarritos Mango,No description,$4.75
Futaba,Takoyaki,No description,$6.95
Futaba,Motoyaki Oysters (2 pcs),No description,$10.95
Futaba,Miso Soup,No description,$1.95
Futaba,Seaweed Salad,No description,$5.95
Futaba,Edamame,No description,$5.95
Futaba,Tuna Tataki Salad,No description,$10.95
Futaba,Futaba Green Salad,No description,$2.95
Futaba,Beef Tataki,No description,$14.95
Futaba,Carpaccio,No description,$14.95
Futaba,Tuna Tataki,No description,$14.95
Futaba,Tuna and Salmon Sashimi (10 pcs),No description,$17.95
Futaba,Tuna Sashimi (7 pcs),No description,$14.95
Futaba,Toroko,No description,$11.95
Futaba,Appetizer Sashimi (9 pcs),No description,$15.95
Futaba,Chirashi Sushi,No description,$20.95
Futaba,Special Sashimi,No description,$35.95
Futaba,Salmon Sashimi (7 pcs),No description,$14.95
Futaba,Toro Sashimi (7 pcs),No description,$16.95
Futaba,Hokigai Sashimi (10 pcs),No description,$15.95
Futaba,Tako Sashimi (8 pcs),No description,$16.95
Ohana Sushi,Number of Plastic Cutlery,No description,$0.00
Ohana Sushi,Monkey Brain,No description,$10.99
Ohana Sushi,Agedashi Tofu (8pcs),No description,$9.99
Ohana Sushi,Crazy Jalape√±o,No description,$9.99
Ohana Sushi,Squid Tempura (3pcs),No description,$6.99
Ohana Sushi,Miso Soup,No description,$2.99
Ohana Sushi,Spring Roll (6pc),No description,$7.99
Ohana Sushi,Edamame,No description,$7.99
Ohana Sushi,Karaage,No description,$11.99
Ohana Sushi,Takoyaki (5pcs),No description,$7.99
Ohana Sushi,Spicy Karaage,No description,$12.99
Ohana Sushi,Spicy Vege Gyoza,No description,$9.99
Ohana Sushi,Vege Sunomono,No description,$7.99
Ohana Sushi,Rice,No description,$2.99
Ohana Sushi,Ebi Sunomono,No description,$8.99
Ohana Sushi,Sushi Rice,No description,$2.99
Ohana Sushi,Spicy Agedashi Tofu (8pcs),No description,$10.99
Ohana Sushi,Seafood Sunomono,No description,$8.99
Ohana Sushi,Real Crab Sunomono,No description,$7.99
Ohana Sushi,Kimchi(8oz),No description,$5.99
New York Fries (The Bay Centre #2),The Works,No description,$8.49
New York Fries (The Bay Centre #2),Classic Poutine,No description,$8.49
New York Fries (The Bay Centre #2),Bacon Double Cheese Poutine,No description,$8.49
New York Fries (The Bay Centre #2),Butter Chicken Poutine,No description,$8.49
New York Fries (The Bay Centre #2),Chili Cheese Fries,No description,$8.49
New York Fries (The Bay Centre #2),Veggie Fries,No description,$8.49
New York Fries (The Bay Centre #2),Nacho Fries,No description,$8.49
New York Fries (The Bay Centre #2),Chili Poutine,No description,$8.49
New York Fries (The Bay Centre #2),Pulled Pork Poutine,No description,$8.49
New York Fries (The Bay Centre #2),Flamin' Bacon Fries,No description,$8.49
New York Fries (The Bay Centre #2),Fresh Cut Fries,No description,$5.59
New York Fries (The Bay Centre #2),Premium Hot Dog,No description,$5.99
New York Fries (The Bay Centre #2),Bacon Double Cheese Dog,No description,$8.79
New York Fries (The Bay Centre #2),Nacho Dog,No description,$8.79
New York Fries (The Bay Centre #2),Chili Cheese Dog,No description,$8.79
New York Fries (The Bay Centre #2),Flamin' Bacon Dog,No description,$8.79
New York Fries (The Bay Centre #2),Pulled Pork Loaded Dog,No description,$8.79
New York Fries (The Bay Centre #2),Classic Poutine Kit (deconstructed),No description,$14.99
New York Fries (The Bay Centre #2),Veggie Fries Kit (deconstructed),No description,$14.99
New York Fries (The Bay Centre #2),The Works Kit (deconstructed),No description,$14.99
Fuego Old Town Eatery,Benny and the Cakes,No description,$25.00
Fuego Old Town Eatery,Breakfast Burrito,No description,$17.00
Fuego Old Town Eatery,Market Breakfast,No description,$18.50
Fuego Old Town Eatery,El Porco Benny,No description,$16.50
Fuego Old Town Eatery,Cornbread French Toast,No description,$19.00
Fuego Old Town Eatery,Fried Chicken and Cornbread,No description,$21.00
Fuego Old Town Eatery,Breakfast Chimichanga,No description,$18.00
Fuego Old Town Eatery,Mango Mama Pancakes,No description,$19.00
Fuego Old Town Eatery,Fuego Benny,No description,$16.50
Fuego Old Town Eatery,Spanish Omelette,No description,$20.50
Fuego Old Town Eatery,Avocado Toast,No description,$14.00
Fuego Old Town Eatery,Original Benny,No description,$16.50
Fuego Old Town Eatery,Breakfast Enchiladas,No description,$20.00
Fuego Old Town Eatery,Veggie Omelette,No description,$19.50
Fuego Old Town Eatery,Armanda's Breakfast Wrap,No description,$17.50
Fuego Old Town Eatery,Sweet Churro Pancakes,No description,$17.00
Fuego Old Town Eatery,Chilaquiles Skillet,No description,$19.00
Fuego Old Town Eatery,Egg Mollete,No description,$18.50
Fuego Old Town Eatery,Veggie Benny,No description,$16.50
Fuego Old Town Eatery,Conquistador,No description,$19.50
Burger Crush,Single Cheeseburger,No description,$13.80
Burger Crush,Double Cheeseburger,No description,$19.20
Burger Crush,Veggie Style Cheeseburger,No description,$14.40
Burger Crush,Vegan Cheeseburger,No description,$14.40
Burger Crush,Double Veggie Style Cheeseburger,No description,$19.20
Burger Crush,Vegan Double Cheeseburger,No description,$19.20
Burger Crush,French Fries,No description,$6.00
Burger Crush,Crush Fries,No description,$12.00
Burger Crush,Vegan Nuggets,No description,$11.40
Burger Crush,Vegan Crush Fries,No description,$13.80
Burger Crush,Herb Crush,No description,$2.40
Burger Crush,Original Crush,No description,$2.40
Burger Crush,Hot Crush,No description,$2.40
Burger Crush,Vegan Original Crush,No description,$2.40
Burger Crush,Vegan Hot Crush,No description,$2.40
Burger Crush,Vegan Herb Crush,No description,$2.40
Burger Crush,Sweet Crush,No description,$2.40
Burger Crush,Vegan Sweet Crush,No description,$2.40
Burger Crush,Mayo,No description,$1.50
Burger Crush,Vegan Mayo,No description,$1.50
Cat's Coffee & Cake,Traditional Tiramisu,No description,$6.39
Cat's Coffee & Cake,New York Cheesecake,No description,$8.50
Cat's Coffee & Cake,Ham + Cheese Croissant Sandwich,No description,$8.50
Cat's Coffee & Cake,Garlic Sausage Croissant,No description,$9.69
Cat's Coffee & Cake,Turkey /Egg Breakfast Croissant Sandwich,No description,$10.99
Cat's Coffee & Cake,Bacon/ Kimchi Egg Croissant,No description,$10.99
Cat's Coffee & Cake,Almond Croissant,No description,$7.09
Cat's Coffee & Cake,Lemon Tart,No description,$5.81
Cat's Coffee & Cake,Blueberry Muffin,No description,$3.69
Cat's Coffee & Cake,Double Chocolate Muffin,No description,$3.95
Cat's Coffee & Cake,Apple Crumble Muffin,No description,$3.69
Cat's Coffee & Cake,PeanutButter Muffin,No description,$3.95
Cat's Coffee & Cake,Iced London Fog,No description,$7.26
Cat's Coffee & Cake,Italian Soda,No description,$3.68
Cat's Coffee & Cake,Iced Peaflower Latte,No description,$7.38
Cat's Coffee & Cake,Iced Chai Latte,No description,$7.26
Cat's Coffee & Cake,Iced Latte,No description,$7.38
Cat's Coffee & Cake,Iced Mocha,No description,$8.05
Cat's Coffee & Cake,Iced strawberry latte,No description,$8.05
Cat's Coffee & Cake,Iced White Mocha,No description,$8.05
TORO,39'' Golden Lobster,No description,$29.00
TORO,Crazy Salmon,No description,$18.00
TORO,Volcano,No description,$14.00
TORO,Tuna Bumblebee,No description,$19.00
TORO,Black Dragon,No description,$23.00
TORO,Scallop Explosion,No description,$22.00
TORO,Rainbow,No description,$16.00
TORO,MMA,No description,$15.00
TORO,Tropical Punch,No description,$16.00
TORO,Beef Angus (Aburi),No description,$21.00
TORO,Amazing Spider Roll,No description,$19.00
TORO,To-toro,No description,$25.00
TORO,The Pearl,No description,$24.00
TORO,Smoked Diablo,No description,$20.00
TORO,[S] Tuna 4pc,No description,$15.00
TORO,[S] Atlantic Salmon 4pc,No description,$15.00
TORO,[S] Toro 4pc,No description,$19.00
TORO,[S] Tuna Tataki 4pc,No description,$16.00
TORO,[S] Hamachi Toro 4pc,No description,$22.00
TORO,[S] Tako 4pc,No description,$15.00
"Boardwalk Fries, Burgers and Shakes (Victoria)",Boardwalk Fries,No description,$6.61
"Boardwalk Fries, Burgers and Shakes (Victoria)",Boardwalk Fries 16oz,No description,$9.11
"Boardwalk Fries, Burgers and Shakes (Victoria)",Medium Fries 12oz,No description,$7.86
"Boardwalk Fries, Burgers and Shakes (Victoria)",Onion Rings,No description,$8.49
"Boardwalk Fries, Burgers and Shakes (Victoria)",Sweet Potato Fries,No description,$8.49
"Boardwalk Fries, Burgers and Shakes (Victoria)",Golden Tater Tots 12oz,No description,$9.11
"Boardwalk Fries, Burgers and Shakes (Victoria)",Golden Tater Tots 16oz,No description,$10.36
"Boardwalk Fries, Burgers and Shakes (Victoria)",Golden Tater Tots 8oz,No description,$7.86
"Boardwalk Fries, Burgers and Shakes (Victoria)",OL-Cheese Cup,No description,$1.88
"Boardwalk Fries, Burgers and Shakes (Victoria)",OL-Chili Cup,No description,$1.88
"Boardwalk Fries, Burgers and Shakes (Victoria)",OL-Gravy Cup,No description,$1.88
"Boardwalk Fries, Burgers and Shakes (Victoria)",BBQ Cheddar Bacon Burger,No description,$12.49
"Boardwalk Fries, Burgers and Shakes (Victoria)",BBQ Chicken Club,No description,$13.11
"Boardwalk Fries, Burgers and Shakes (Victoria)",Beyond Burger,No description,$12.49
"Boardwalk Fries, Burgers and Shakes (Victoria)",Boardwalk Classic Burger,No description,$11.86
"Boardwalk Fries, Burgers and Shakes (Victoria)",Cheeseburger,No description,$11.86
"Boardwalk Fries, Burgers and Shakes (Victoria)",Chipotle Burger,No description,$11.86
"Boardwalk Fries, Burgers and Shakes (Victoria)",Crispy Chicken,No description,$12.49
"Boardwalk Fries, Burgers and Shakes (Victoria)",Grilled Chicken Burger,No description,$12.49
"Boardwalk Fries, Burgers and Shakes (Victoria)",Hawaiian Burger,No description,$12.49
Cineplex Odeon Cinemas Victoria,Cineplex Popcorn,No description,$8.75
Cineplex Odeon Cinemas Victoria,Combo for Two,No description,$27.19
Cineplex Odeon Cinemas Victoria,Cineplex Movie Night In Combo,No description,$40.29
Cineplex Odeon Cinemas Victoria,Ultimate Movie Snacks Combo,No description,$40.19
Cineplex Odeon Cinemas Victoria,Popcorn Party Combo,No description,$58.40
Cineplex Odeon Cinemas Victoria,Cineplex Popcorn,No description,$8.75
Cineplex Odeon Cinemas Victoria,Shake It! Popcorn Seasoning,No description,$1.25
Cineplex Odeon Cinemas Victoria,Mighty Pop Popcorn,No description,$29.99
Cineplex Odeon Cinemas Victoria,Poptopia Gourmet Popcorn,No description,$7.50
Cineplex Odeon Cinemas Victoria,Candy,No description,$5.99
Cineplex Odeon Cinemas Victoria,Classic Hot Dog,No description,$5.49
Cineplex Odeon Cinemas Victoria,Nachos Grande,No description,$7.99
Cineplex Odeon Cinemas Victoria,Nacho Dip,No description,$1.50
Cineplex Odeon Cinemas Victoria,Fountain Drinks,No description,$4.49
Cineplex Odeon Cinemas Victoria,Bottled Drinks,No description,$5.25
Cineplex Odeon Cinemas Victoria,Monster Energy Drink,No description,$5.75
Cineplex Odeon Cinemas Victoria,Classic Hot Dog,No description,$5.49
Cineplex Odeon Cinemas Victoria,Cineplex Store HD Rental,No description,$5.99
Cineplex Odeon Cinemas Victoria,Simone the Squirrel,No description,$2.99
Cineplex Odeon Cinemas Victoria,Cineplex Blanket,No description,$22.99
Yates Coffee Bar,puppy treats! peanut butter & banana,No description,$0.00
Yates Coffee Bar,sausage & pesto breakfast sandwich,No description,$11.50
Yates Coffee Bar,b.e.l.t deluxe,No description,$13.50
Yates Coffee Bar,cbc breakfast sandwich,No description,$11.50
Yates Coffee Bar,Bacon Egg tomato Breakfast Wrap,No description,$13.80
Yates Coffee Bar,Cheezy breakfast sandwich,No description,$9.50
Yates Coffee Bar,Maple Breakfast Wrap,No description,$13.80
Yates Coffee Bar,taco breakfast wrap (1/2 lb),No description,$14.80
Yates Coffee Bar,b.e.l.t,No description,$12.00
Yates Coffee Bar,Maple breakfast sandwich,No description,$11.50
Yates Coffee Bar,chick'n fiesta breakfast wrap (1/2 lb),No description,$14.80
Yates Coffee Bar,"sausage, egg & cheeze bagel",No description,$13.50
Yates Coffee Bar,fresh baked muffin random,No description,$5.00
Yates Coffee Bar,fresh baked muffin assorted 5,No description,$17.50
Yates Coffee Bar,date square,No description,$5.00
Yates Coffee Bar,Latte,No description,$8.00
Yates Coffee Bar,Mocha,No description,$8.25
Yates Coffee Bar,Cappuccino,No description,$8.00
Yates Coffee Bar,Caramel Macchiato,No description,$8.25
Yates Coffee Bar,Americano,No description,$5.00
Pagliaccis,Effen Vodka Cosmopolitan,No description,$12.50
Pagliaccis,Hornitos Margarita,No description,$12.50
Pagliaccis,Knob Creek Old Fashioned,No description,$12.50
Pagliaccis,House Red Bottle,No description,$27.50
Pagliaccis,House White Wine Bottle,No description,$27.50
Pagliaccis,"Taittinger Brut Reserve, Champagne",No description,$150.00
Pagliaccis,Blue Grouse Paula Sparkling Wine,No description,$60.00
Pagliaccis,Scorched Earth Pinto Noir,No description,$60.50
Pagliaccis,Cantina Tollo MO,No description,$60.00
Pagliaccis,Sperling - Old Vines Riesling,No description,$50.00
Pagliaccis,Four Winds Nectarous dry-hopped sour,No description,$13.50
Pagliaccis,Hoyne Dark Matter,No description,$10.00
Pagliaccis,Peroni Pale Lager,No description,$13.50
Pagliaccis,Driftwood Fat Tug IPA,No description,$10.00
Pagliaccis,Driftwood Naughty Hildegard ESB,No description,$13.50
Pagliaccis,Merridale Traditional,No description,$15.50
Pagliaccis,Merridale Merri Berri,No description,$15.50
Pagliaccis,Maverick Cider,No description,$25.00
Pagliaccis,Minnesota Fats,No description,$13.50
Pagliaccis,Bill Murray's Meatballs (4 pcs),No description,$17.50
Smile Chicken,Seasoned Chicken Mix,No description,$19.00
Smile Chicken,Chicken Lunch Meal,No description,$15.00
Smile Chicken,Chicken Burger Combo,No description,$18.00
Smile Chicken,Original,No description,$18.00
Smile Chicken,Chicken Burger,No description,$15.00
Smile Chicken,Chicken Salad,No description,$18.00
Smile Chicken,Fries,No description,$6.00
Smile Chicken,Steamed Rice,No description,$3.00
Smile Chicken,Kimchi,No description,$4.00
Smile Chicken,Pickled Radish,No description,$3.00
Smile Chicken,Spicy Dipping Sauce,No description,$3.00
Smile Chicken,Soy Garlic,No description,$3.00
Smile Chicken,Sweet Dipping Sauce,No description,$3.00
Smile Chicken,Honey Mustard,No description,$3.00
Smile Chicken,Diet Pepsi (355 ml),No description,$2.50
Smile Chicken,Iced Tea (355 ml),No description,$2.50
Smile Chicken,Sprite (355 ml),No description,$2.50
Smile Chicken,Pepsi (355 ml),No description,$2.50
Smile Chicken,Ginger Ale (355 ml),No description,$2.50
Smile Chicken,Coca Cola (355ml),No description,$2.50
SH91 Dessert,Strawberry Banana Egg Bubble Waffle (ËçâËéìÈ¶ôËïâÈ∏°Ëõã‰ªî),No description,$15.45
SH91 Dessert,Tiramisu Egg Bubble Waffle (ÊèêÊãâÁ±≥ËãèÈ∏°Ëõã‰ªî),No description,$14.95
SH91 Dessert,Matcha Egg Bubble Waffle,No description,$14.95
SH91 Dessert,Mango egg bubble waffle ( ËäíÊûúÈ∏°Ëõã‰ªîÔºâ,No description,$15.25
SH91 Dessert,Chocolate Banana Egg Bubble Waffle (Â∑ßÂÖãÂäõÈ¶ôËïâÈ∏°Ëõã‰ªî),No description,$14.45
SH91 Dessert,Tiramisu Crepe (ÊèêÊãâÁ±≥ËãèÂçÉÂ±Ç),No description,$14.75
SH91 Dessert,Mango Crepe (ËäíÊûúÂçÉÂ±Ç),No description,$15.25
SH91 Dessert,lychee lime fruit teaËçîÊûùÈùíÊü†Â§öËÇâ,No description,$9.25
SH91 Dessert,Half a Mango (Âçä‰∏™ËäíÊûú),No description,$10.25
SH91 Dessert,Eight Strawberries (ÂÖ´È¢óËçâËéì),No description,$11.55
SH91 Dessert,Supreme Fruit Tea (ÁÉ≠ÊÉÖÊ∞¥Êûú),No description,$9.25
SH91 Dessert,Watermelon slush Ë•øÁìúÊ≤ôÂÜ∞,No description,$10.25
SH91 Dessert,Iced Passion Lemonade (ÁôæÈ¶ôÊü†Ê™¨),No description,$9.25
SH91 Dessert,Five lychee ‰∫îÈ¢óËçîÊûù,No description,$12.25
SH91 Dessert,Taro slush ËäãÊ≥•Ê≤ôÂÜ∞,No description,$8.95
SH91 Dessert,Two peaches (‰∏§‰∏™Ê°ÉÂ≠êÔºâ,No description,$12.45
SH91 Dessert,Whole Lime Tea (‰∏ÄÈ¢óÊü†Ê™¨Ôºâ,No description,$8.25
SH91 Dessert,Oreo Mochi Milk Tea (Â••Âà©Â••È∫ªËñØÂ•∂Ëå∂),No description,$10.25
SH91 Dessert,Cozy Soya Milk Tea (Ë±ÜË±ÜÂïµÂïµËå∂),No description,$10.25
SH91 Dessert,Cheese Cream Oreo Matcha (Â••Âà©Â••ÊäπËå∂ÈÖ™) (Large),No description,$10.75
Edo Japan -  The Bay Centre,Sukiyaki Beef & Bottled Drink,No description,$17.90
Edo Japan -  The Bay Centre,Teriyaki Chicken & Bottled Drink,No description,$17.25
Edo Japan -  The Bay Centre,Sizzling Shrimp & Bottled Drink,No description,$18.45
Edo Japan -  The Bay Centre,Sukiyaki Beef Bento,No description,$20.05
Edo Japan -  The Bay Centre,Teriyaki Chicken Bento,No description,$19.45
Edo Japan -  The Bay Centre,Chicken Noodlefull Bento,No description,$21.20
Edo Japan -  The Bay Centre,Beef Yakisoba Bento,No description,$21.20
Edo Japan -  The Bay Centre,Veggie Chop Chop Bento,No description,$19.55
Edo Japan -  The Bay Centre,Beef Chop Chop Bento,No description,$21.75
Edo Japan -  The Bay Centre,Fresh Grilled Veggie Bento,No description,$17.85
Edo Japan -  The Bay Centre,Veggie Noodlefull Bento,No description,$19.55
Edo Japan -  The Bay Centre,Hawaiian Chicken Bento,No description,$20.05
Edo Japan -  The Bay Centre,Beef & Shrimp Bento,No description,$24.95
Edo Japan -  The Bay Centre,Chicken & Beef Bento,No description,$20.05
Edo Japan -  The Bay Centre,Chicken Yakisoba Bento,No description,$20.60
Edo Japan -  The Bay Centre,Chicken & Beef Yakisoba Bento,No description,$21.20
Edo Japan -  The Bay Centre,Chicken & Shrimp Bento,No description,$24.30
Edo Japan -  The Bay Centre,Sizzling Shrimp Bento,No description,$20.15
Edo Japan -  The Bay Centre,Beef Noodlefull Bento,No description,$21.75
Edo Japan -  The Bay Centre,Shrimp Noodlefull Bento,No description,$21.85
Dosa Paragon,Idly (3 pcs),No description,$9.99
Dosa Paragon,Vada (3 pcs),No description,$9.99
Dosa Paragon,Podi Idly,No description,$10.99
Dosa Paragon,Paneer-65,No description,$10.99
Dosa Paragon,Veg Pakora,No description,$7.99
Dosa Paragon,Gobi-65,No description,$10.99
Dosa Paragon,Sambar Idly,No description,$9.99
Dosa Paragon,Dahi Vada,No description,$9.99
Dosa Paragon,Mushroom-65,No description,$10.99
Dosa Paragon,Fried Idly,No description,$10.99
Dosa Paragon,Sambar Vada,No description,$9.99
Dosa Paragon,South Indian Combo Plate,No description,$15.99
Dosa Paragon,Idly Vada Combo,No description,$12.99
Dosa Paragon,Masala Dosa,No description,$11.99
Dosa Paragon,Paneer Butter Masala Dosa,No description,$15.99
Dosa Paragon,Mysore Masala Dosa,No description,$13.99
Dosa Paragon,Butter Masala Dosa,No description,$12.99
Dosa Paragon,Onion Masala Dosa,No description,$12.99
Dosa Paragon,Plain Dosa,No description,$9.99
Dosa Paragon,Sambal Masala Dosa,No description,$12.99
Franks Honeybun Cafe,Good Morning Breakfast,No description,$14.99
Franks Honeybun Cafe,Full Breakfast,No description,$19.99
Franks Honeybun Cafe,Omelet,No description,$14.99
Franks Honeybun Cafe,Skillet Melt,No description,$20.99
Franks Honeybun Cafe,French Toast (2 pcs),No description,$15.99
Franks Honeybun Cafe,Low-Carb Breakfast,No description,$14.49
Franks Honeybun Cafe,Homemade Pancakes (2 pcs),No description,$15.99
Franks Honeybun Cafe,Bagel with Cream Cheese and Fruit Bowl,No description,$14.49
Franks Honeybun Cafe,Breakfast Sandwich,No description,$14.49
Franks Honeybun Cafe,"Two Eggs, Toast (2 pcs), Jam, and Hash Browns",No description,$9.99
Franks Honeybun Cafe,French Toast (2 pcs) and Hash Browns,No description,$10.49
Franks Honeybun Cafe,French Toast (2 pcs) with Yogurt and Fresh Fruit,No description,$17.99
Franks Honeybun Cafe,Hashbrown Cheese Melt,No description,$9.49
Franks Honeybun Cafe,French Toast (2 pcs),No description,$7.49
Franks Honeybun Cafe,Hash Browns,No description,$5.49
Franks Honeybun Cafe,French Fries,No description,$5.49
Franks Honeybun Cafe,Ham (1 pc),No description,$5.49
Franks Honeybun Cafe,Bacon (3 pcs),No description,$5.49
Franks Honeybun Cafe,Sausage (3 pcs),No description,$5.49
Franks Honeybun Cafe,Pancakes (2 pcs),No description,$8.49
Cinnaholic (Victoria),Signature Gift Box,No description,$24.99
Cinnaholic (Victoria),Small Cinnacake,No description,$63.25
Cinnaholic (Victoria),Medium Cinnacake,No description,$74.75
Cinnaholic (Victoria),Lemonberry Coffee Cake,No description,$5.00
Cinnaholic (Victoria),Large Cinnacake,No description,$86.25
Cinnaholic (Victoria),Strawberry Shortbread Roll,No description,$7.50
Cinnaholic (Victoria),Build-Your-Own-Roll,No description,$6.00
Cinnaholic (Victoria),Build-a-Brownie,No description,$4.50
Cinnaholic (Victoria),8 oz Cookie Dough container,No description,$6.50
Cinnaholic (Victoria),Brownies,No description,$4.00
Cinnaholic (Victoria),Cookie Dough Scoop,No description,$4.25
Cinnaholic (Victoria),Classic Old Skool,No description,$6.00
Cinnaholic (Victoria),Extra Frosting,No description,$0.75
Cinnaholic (Victoria),Baby Buns,No description,$5.99
Cinnaholic (Victoria),Baby Buns - Dozen,No description,$22.00
Cinnaholic (Victoria),Cookie Dough Sandwich,No description,$7.95
Cinnaholic (Victoria),Huge 16 oz Cookie Dough container,No description,$11.50
Cinnaholic (Victoria),Chocolate Chip Cookies,No description,$3.00
Cinnaholic (Victoria),Cinnadoodle Cookie,No description,$3.00
Cinnaholic (Victoria),Plain Original Cinnamon Roll,No description,$5.75
Chimac Korean Pub & Fried Chicken,Corn Cheese,No description,$12.50
Chimac Korean Pub & Fried Chicken,Caesar Salad,No description,$12.50
Chimac Korean Pub & Fried Chicken,Assorted Fries,No description,$9.00
Chimac Korean Pub & Fried Chicken,Steamed Eggs,No description,$9.00
Chimac Korean Pub & Fried Chicken,Deep-Fried Fish Ball,No description,$11.50
Chimac Korean Pub & Fried Chicken,Poutine,No description,$17.00
Chimac Korean Pub & Fried Chicken,Creamy Shrimp and Mussel,No description,$18.50
Chimac Korean Pub & Fried Chicken,Noodle Salad,No description,$17.00
Chimac Korean Pub & Fried Chicken,Cajun Chicken Salad,No description,$19.50
Chimac Korean Pub & Fried Chicken,Garlic Soy,No description,$18.50
Chimac Korean Pub & Fried Chicken,Spicy Chili,No description,$18.50
Chimac Korean Pub & Fried Chicken,Original,No description,$16.00
Chimac Korean Pub & Fried Chicken,Pa-dak (Boneless),No description,$19.50
Chimac Korean Pub & Fried Chicken,Snowy,No description,$19.50
Chimac Korean Pub & Fried Chicken,Honey Mustard,No description,$18.50
Chimac Korean Pub & Fried Chicken,Creamy Onion (Boneless),No description,$19.50
Chimac Korean Pub & Fried Chicken,Pork Bone Stew (with Rice),No description,$19.50
Chimac Korean Pub & Fried Chicken,Spicy Seafood Soup,No description,$18.50
Chimac Korean Pub & Fried Chicken,Spicy Chicken Soup (with Rice),No description,$19.50
Chimac Korean Pub & Fried Chicken,Fish Cake Soup,No description,$17.00
Pinhalla Pinball Pizzeria,BTS - Roni,No description,$8.00
Pinhalla Pinball Pizzeria,BTS - Athena,No description,$8.00
Pinhalla Pinball Pizzeria,BTS - Plain Jane,No description,$7.00
Pinhalla Pinball Pizzeria,BTS - Underdog,No description,$8.00
Pinhalla Pinball Pizzeria,Fried Garlic Bread,No description,$13.50
Pinhalla Pinball Pizzeria,Cheese Bread,No description,$9.00
Pinhalla Pinball Pizzeria,Italian Meatballs,No description,$18.00
Pinhalla Pinball Pizzeria,Arancini,No description,$15.50
Pinhalla Pinball Pizzeria,Potato Wedges,No description,$10.25
Pinhalla Pinball Pizzeria,House Salad,No description,$14.50
Pinhalla Pinball Pizzeria,Caesar Salad,No description,$16.75
Pinhalla Pinball Pizzeria,Cucumber Dill Salad,No description,$18.00
Pinhalla Pinball Pizzeria,Plain Jane,No description,$27.00
Pinhalla Pinball Pizzeria,Queen Margherita,No description,$28.00
Pinhalla Pinball Pizzeria,Athena,No description,$29.00
Pinhalla Pinball Pizzeria,Mount Doug,No description,$29.00
Pinhalla Pinball Pizzeria,Roni,No description,$29.00
Pinhalla Pinball Pizzeria,The Underdog,No description,$29.00
Pinhalla Pinball Pizzeria,Partners in Crime,No description,$29.00
Pinhalla Pinball Pizzeria,Marco Polo,No description,$29.00
SH91 Tea (Partea),Five Lychees‰∫îÈ¢óËçîÊûù,No description,$10.75
SH91 Tea (Partea),Eight Strawberries (ÂÖ´È¢óËçâËéì),No description,$10.25
SH91 Tea (Partea),Half a Mango (Âçä‰∏™ËäíÊûú),No description,$9.75
SH91 Tea (Partea),Watermelon Ë•øÁìúÊ≤ôÂÜ∞,No description,$9.25
SH91 Tea (Partea),Two peaches ( ‰∏§‰∏™Ê°ÉÂ≠ê) SEASONAL,No description,$10.95
SH91 Tea (Partea),Taro Slush,No description,$8.95
SH91 Tea (Partea),Grapefruit Tea (Êª°ÊùØÁ∫¢Êüö),No description,$9.95
SH91 Tea (Partea),Oreo Mochi Milk Tea (Â••Âà©Â••È∫ªËñØÂ•∂Ëå∂),No description,$9.75
SH91 Tea (Partea),Soya Cream bobo Milk Tea (Ë±ÜË±ÜÂïµÂïµËå∂),No description,$9.75
SH91 Tea (Partea),Taro&Taro ball Milk Tea(ÂèåËäãÂ•∂Ëå∂Ôºâ,No description,$8.95
SH91 Tea (Partea),Taro&Taro Ball Cream MilkÔºàÂèåËäãÈ≤úÂ•∂Ôºâ,No description,$8.95
SH91 Tea (Partea),Brulee Bobo Milk Tea (Â∏ÉËïæÂïµÂïµ),No description,$9.75
SH91 Tea (Partea),Cheese. cream Oreo Matcha(Â••Âà©Â••ÊäπËå∂ÈÖ™Ôºâ,No description,$9.75
SH91 Tea (Partea),Matcha Milk (È≤úÂ•∂ÊäπËå∂),No description,$8.75
SH91 Tea (Partea),Purple Rice with Coconut Milk (Á¥´Á±≥Á∫¢Ë±ÜÊ§∞Â•∂),No description,$8.95
SH91 Tea (Partea),Caramel Brown Sugar fresh milk (ÁÑ¶Á≥ñËÑèËÑèËå∂),No description,$9.25
SH91 Tea (Partea),Brown Sugar Milk Tea (ËÑèËÑèÂ•∂Ëå∂),No description,$8.25
SH91 Tea (Partea),Brown Sugar fresh milk (ËÑèËÑèËå∂),No description,$8.05
SH91 Tea (Partea),Brown Sugar Coconut Milk (ËÑèËÑèÊ§∞Â•∂),No description,$8.25
SH91 Tea (Partea),Matcha Brown Sugar pearl milk(L) (ËÑèËÑèÊäπËå∂),No description,$9.45
Betty Burger,Hand-Cut Fries,No description,$9.00
Betty Burger,Gravy,No description,$3.00
Betty Burger,Add Fried Egg,No description,$3.00
Betty Burger,Add Extra Patty,No description,$3.50
Betty Burger,Black & Blue burger,No description,$23.50
Betty Burger,Mushroom Burger,No description,$23.50
Betty Burger,The Betty Burger,No description,$19.75
Betty Burger,Prime Ribeye Beef Dip Sandwich,No description,$29.75
Betty Burger,BBQ Burger,No description,$23.50
Betty Burger,Salmon Burger,No description,$25.50
Betty Burger,Crispy Fish burger,No description,$19.50
Betty Burger,Bacon Cheese Burger,No description,$22.50
Betty Burger,Premium Toppers,No description,$2.25
Betty Burger,Tasty Dips,No description,$1.00
Betty Burger,Cheese Please,No description,$2.25
Good Ovening Korean Pub and Roasted Chicken,Cheeseburger Roll,No description,$18.00
Good Ovening Korean Pub and Roasted Chicken,Bulgogi,No description,$17.00
Good Ovening Korean Pub and Roasted Chicken,Tteok Skewer,No description,$7.00
Good Ovening Korean Pub and Roasted Chicken,So-Tteok Skewer,No description,$10.00
Good Ovening Korean Pub and Roasted Chicken,Spicy Bulgogi,No description,$17.00
Good Ovening Korean Pub and Roasted Chicken,So-Ya,No description,$22.00
Good Ovening Korean Pub and Roasted Chicken,Ros√© Pasta,No description,$18.00
Good Ovening Korean Pub and Roasted Chicken,Calamari,No description,$19.00
Good Ovening Korean Pub and Roasted Chicken,Creamy Oven Pasta,No description,$18.00
Good Ovening Korean Pub and Roasted Chicken,Mac n' Cheese,No description,$16.00
Good Ovening Korean Pub and Roasted Chicken,Spicy Mac n' Cheese,No description,$18.00
Good Ovening Korean Pub and Roasted Chicken,French Fries,No description,$11.00
Good Ovening Korean Pub and Roasted Chicken,Tomato Oven Pasta,No description,$18.00
Good Ovening Korean Pub and Roasted Chicken,Corn Cream Soup,No description,$7.00
Good Ovening Korean Pub and Roasted Chicken,Garlic Butter Prawn,No description,$19.00
Good Ovening Korean Pub and Roasted Chicken,Onion Rings,No description,$14.00
Good Ovening Korean Pub and Roasted Chicken,Yam Fries,No description,$14.00
Good Ovening Korean Pub and Roasted Chicken,Pork Kimchi Stew,No description,$18.00
Good Ovening Korean Pub and Roasted Chicken,Spicy Rice Cake,No description,$18.00
Good Ovening Korean Pub and Roasted Chicken,Pork Kimchi,No description,$18.00
Nautical Nellies Steak & Seafood House,Lobster Mac & Cheese,No description,$26.95
Nautical Nellies Steak & Seafood House,Crispy Calamari,No description,$21.50
Nautical Nellies Steak & Seafood House,Hot Lobster Dip for Two,No description,$22.75
Nautical Nellies Steak & Seafood House,Crab Cake Trio,No description,$24.95
Nautical Nellies Steak & Seafood House,Tuna Tataki,No description,$22.95
Nautical Nellies Steak & Seafood House,Lobster & Shrimp Quesadilla,No description,$21.50
Nautical Nellies Steak & Seafood House,Crispy Tofu,No description,$14.50
Nautical Nellies Steak & Seafood House,Root Beer Glazed Pork Belly,No description,$21.50
Nautical Nellies Steak & Seafood House,Lobster Bisque,No description,$17.95
Nautical Nellies Steak & Seafood House,Clam & Corn  Chowder,No description,$14.95
Nautical Nellies Steak & Seafood House,Lobster and Crab Salad,No description,$32.50
Nautical Nellies Steak & Seafood House,Caesar Salad,No description,$17.75
Nautical Nellies Steak & Seafood House,Walnut salad,No description,$19.95
Nautical Nellies Steak & Seafood House,Honey Sriracha Broccolini,No description,$15.95
Nautical Nellies Steak & Seafood House,Wakame Mixed Salad,No description,$14.50
Nautical Nellies Steak & Seafood House,NY Striploin Rice Bowl,No description,$34.95
Nautical Nellies Steak & Seafood House,Big Eye Tuna Rice Bowl,No description,$31.95
Nautical Nellies Steak & Seafood House,Crispy Tofu Rice Bowl,No description,$27.95
Nautical Nellies Steak & Seafood House,Atlantic Lobster Roll + Lobster Bisque,No description,$37.50
Nautical Nellies Steak & Seafood House,Prime Angus Beef Dip Sandwich (5 oz),No description,$29.75
Siam,6. Vegetarian Spring Rolls,No description,$10.95
Siam,2. Chicken Spring Rolls,No description,$10.95
Siam,1. Chicken Satay,No description,$12.95
Siam,3. Chicken Wings,No description,$13.95
Siam,4. Goong Tod,No description,$14.95
Siam,5. Deep-Fried Calamari,No description,$14.95
Siam,Tom Kah Gai,No description,$12.95
Siam,8. Tom Yum Goong,No description,$14.95
Siam,Tom Yum Gai,No description,$12.95
Siam,12. Veggie Tom Yum,No description,$12.95
Siam,11. Veggie Tom Kah,No description,$12.95
Siam,9. Tom Yum Talay,No description,$16.95
Siam,15. Yum Woon Sen,No description,$16.95
Siam,14. Yum Nua,No description,$16.95
Siam,13. Yum Talay,No description,$19.95
Siam,30. Siam Curry,No description,$17.95
Siam,31. Panang Curry,No description,$17.95
Siam,27. Chicken Cashew Delight,No description,$17.95
Siam,33. Ginger Beef,No description,$17.95
Siam,29. Kra Pow,No description,$17.95
Booster Juice (1150 Douglas St),Berry Teazer,No description,$5.64
Booster Juice (1150 Douglas St),Mango Teazer,No description,$5.64
Booster Juice (1150 Douglas St),Almighty Acai,No description,$6.77
Booster Juice (1150 Douglas St),Oranges & Cream,No description,$9.03
Booster Juice (1150 Douglas St),"Game, Set, Matcha",No description,$6.77
Booster Juice (1150 Douglas St),Strawberry Sunshine (Regular Size),No description,$9.03
Booster Juice (1150 Douglas St),Mango Hurricane (Regular Size),No description,$9.03
Booster Juice (1150 Douglas St),Tropical Tornado (Regular Size),No description,$9.03
Booster Juice (1150 Douglas St),Very Berry (Regular Size),No description,$9.03
Booster Juice (1150 Douglas St),Mango Hurricane (Snack Size),No description,$6.32
Booster Juice (1150 Douglas St),Tropical Tornado (Snack Size),No description,$6.32
Booster Juice (1150 Douglas St),Strawberry Sunshine (Snack Size),No description,$6.32
Booster Juice (1150 Douglas St),Very Berry (Snack Size),No description,$6.32
Booster Juice (1150 Douglas St),Pirate's Nectar (Regular Size),No description,$9.03
Booster Juice (1150 Douglas St),Pirate's Nectar (Snack Size),No description,$6.32
Booster Juice (1150 Douglas St),Hawaiian Sunset (Regular Size),No description,$9.03
Booster Juice (1150 Douglas St),Hawaiian Sunset (Snack Size),No description,$6.32
Booster Juice (1150 Douglas St),Canadian Colada (Regular Size),No description,$9.03
Booster Juice (1150 Douglas St),Berry Cream Sensation (Regular Size),No description,$9.03
Booster Juice (1150 Douglas St),Funky Monkey (Regular Size),No description,$9.03
Kahuna Chatham,The Molokai,No description,$18.00
Kahuna Chatham,Banoffee Pie,No description,$9.60
Kahuna Chatham,Haupia Pie,No description,$9.60
Kahuna Chatham,Passion Fruit Cheesecake,No description,$11.20
Kahuna Chatham,The Kahuna,No description,$20.00
Kahuna Chatham,The Maui,No description,$21.00
Kahuna Chatham,The Big Kahuna,No description,$28.50
Kahuna Chatham,The Big Island,No description,$19.00
Kahuna Chatham,The Kauai,No description,$18.50
Kahuna Chatham,The Oahu,No description,$23.50
Kahuna Chatham,The Molokai,No description,$18.00
Kahuna Chatham,The Silent Rooster,No description,$19.00
Kahuna Chatham,The Kilauea,No description,$19.00
Kahuna Chatham,The Humuhumu,No description,$22.00
Kahuna Chatham,The Haleakala,No description,$19.00
Kahuna Chatham,Ahi Tuna Poke,No description,$20.00
Kahuna Chatham,Combo Poke,No description,$20.00
Kahuna Chatham,Vegan Poke,No description,$20.00
Kahuna Chatham,Salmon Poke,No description,$20.00
Kahuna Chatham,Kalua Pork,No description,$17.50
Ukatsu & VicCup (Japanese Cutlet & Korean Rice Bowl),Crispy Pork Loin Katsu Set,No description,$22.50
Ukatsu & VicCup (Japanese Cutlet & Korean Rice Bowl),Crispy Cheese katsu Set,No description,$24.90
Ukatsu & VicCup (Japanese Cutlet & Korean Rice Bowl),Crispy Chicken Katsu Set,No description,$26.10
Ukatsu & VicCup (Japanese Cutlet & Korean Rice Bowl),Crispy Fish Katsu Set,No description,$22.50
Ukatsu & VicCup (Japanese Cutlet & Korean Rice Bowl),Crispy Prawn & Scallop Set,No description,$23.70
Ukatsu & VicCup (Japanese Cutlet & Korean Rice Bowl),Assorted Fish Katsu Set,No description,$27.30
Ukatsu & VicCup (Japanese Cutlet & Korean Rice Bowl),Assorted Chicken Katsu Set,No description,$29.70
Ukatsu & VicCup (Japanese Cutlet & Korean Rice Bowl),Assorted Loin Katsu Set,No description,$27.30
Ukatsu & VicCup (Japanese Cutlet & Korean Rice Bowl),Korean King Katsu,No description,$23.70
Ukatsu & VicCup (Japanese Cutlet & Korean Rice Bowl),Korean Spicy King Katsu,No description,$25.00
Ukatsu & VicCup (Japanese Cutlet & Korean Rice Bowl),Curry Sauce,No description,$5.50
Ukatsu & VicCup (Japanese Cutlet & Korean Rice Bowl),Katsu Sauce,No description,$3.00
Ukatsu & VicCup (Japanese Cutlet & Korean Rice Bowl),Udon Soup,No description,$3.00
Ukatsu & VicCup (Japanese Cutlet & Korean Rice Bowl),Tartar Sauce,No description,$3.00
Ukatsu & VicCup (Japanese Cutlet & Korean Rice Bowl),Pop,No description,$2.50
Ukatsu & VicCup (Japanese Cutlet & Korean Rice Bowl),Water,No description,$2.50
Ukatsu & VicCup (Japanese Cutlet & Korean Rice Bowl),Rice,No description,$3.00
Ukatsu & VicCup (Japanese Cutlet & Korean Rice Bowl),Vegetarian Gyoza,No description,$8.50
Ukatsu & VicCup (Japanese Cutlet & Korean Rice Bowl),Kimchi (House Marinated),No description,$3.50
Ukatsu & VicCup (Japanese Cutlet & Korean Rice Bowl),Takoyaki,No description,$8.00
Flourish BeauTea,Peachnic Oolong,No description,$5.25
Flourish BeauTea,Jasmine Mist Green,No description,$4.75
Flourish BeauTea,Barley Tea,No description,$5.45
Flourish BeauTea,Light Season Oolong,No description,$4.95
Flourish BeauTea,Pineapple Sunrise,No description,$6.45
Flourish BeauTea,Summer Mojito,No description,Sold out
Flourish BeauTea,Mango Sparkling Ade,No description,$6.50
Flourish BeauTea,Passion Sparkling Ade,No description,$6.50
Flourish BeauTea,Kiss Green Grape,No description,$6.85
Flourish BeauTea,Kiwi Karate,No description,$6.65
Flourish BeauTea,Grapefruit Gravity,No description,$6.75
Flourish BeauTea,Pomegranate Paradise,No description,$6.85
Flourish BeauTea,Hibiscus Karkade,No description,$7.35
Flourish BeauTea,Crunchy Dalgona Coffee Latte,No description,$7.25
Flourish BeauTea,Japanese Purple Latte,No description,$6.75
Flourish BeauTea,Uji Matcha Latte,No description,$6.85
Flourish BeauTea,Flourish Special Lemon Coffee,No description,$6.35
Flourish BeauTea,Americano,No description,$4.95
Flourish BeauTea,Taro Ta Ta Latte,No description,$6.75
Flourish BeauTea,Mango Chocolate,No description,$6.85
Bold Shawarma,NEW Hot Honey Shawarma Burger,No description,$19.99
Bold Shawarma,NEW Hot Honey Brisket Burger,No description,$19.99
Bold Shawarma,Mixed Hummus Bowl,No description,$22.99
Bold Shawarma,Chicken Shawarma Hummus Bowl,No description,$20.99
Bold Shawarma,Crispy Falafel Hummus Bowl,No description,$20.99
Bold Shawarma,Chicken Shawarma Wrap Combo,No description,$17.99
Bold Shawarma,Crispy Falafel Wrap Combo,No description,$16.99
Bold Shawarma,Mixed Wrap Combo,No description,$19.99
Bold Shawarma,Chicken Shawarma Hummus Bowl,No description,$20.99
Bold Shawarma,Crispy Falafel Hummus Bowl,No description,$20.99
Bold Shawarma,Mixed Hummus Bowl,No description,$22.99
Bold Shawarma,NEW Mediterranean Lentil Soup,No description,$7.99
Bold Shawarma,NEW Tomato Basil Soup,No description,$7.99
Bold Shawarma,Chicken Shawarma Bowl,No description,$20.99
Bold Shawarma,Crispy Falafel Bowl,No description,$20.99
Bold Shawarma,Mixed Bowl,No description,$22.99
Bold Shawarma,NEW Hot Honey Shawarma Burger,No description,$19.99
Bold Shawarma,NEW Hot Honey Brisket Burger,No description,$19.99
Bold Shawarma,The Bold Burger,No description,$18.99
Bold Shawarma,NEW Creamy Mushroom Burger,No description,$19.99
Bobadog,Strawberry Milktea,No description,$6.95
Bobadog,Brown Sugar Milktea,No description,$6.95
Bobadog,Pina Colada Milktea,No description,$6.95
Bobadog,Taro Milktea,No description,$6.95
Bobadog,Thai Milk Tea,No description,$6.95
Bobadog,Mango Milktea,No description,$6.95
Bobadog,Banana Milk Tea,No description,$6.95
Bobadog,Honeydew Milktea,No description,$6.95
Bobadog,Choco-Banana Milk Tea,No description,$7.25
Bobadog,Lavender Milktea,No description,$6.95
Bobadog,Lychee Milk Tea,No description,$6.50
Bobadog,Roasted Oolong Milk Tea,No description,$7.25
Bobadog,Chocolate Bubble Tea (No Caffeine),No description,$6.95
Bobadog,Matcha Milktea,No description,$6.95
Bobadog,Hazelnut Milktea,No description,$6.95
Bobadog,Ginger Milktea,No description,$6.95
Bobadog,Earl Grey Milktea,No description,$7.25
Bobadog,London Fog Milk Tea,No description,$7.25
Bobadog,Tiramisu Milk Tea,No description,$7.25
Bobadog,Peppermint Mocha Milktea,No description,$7.15
Beijing Bistro,Deep-Fried Wonton (12 pcs),No description,$10.98
Beijing Bistro,Spring Roll (1 pc),No description,$4.98
Beijing Bistro,Sesame Seeds Pancake with Beef Filling (1 pc),No description,$9.98
Beijing Bistro,Beijing Roasted Duck (WHOLE)(2 hours advance pr-order required),No description,$129.98
Beijing Bistro,Homemade Sanxian Dumplings,No description,$16.98
Beijing Bistro,Homemade Pork and Cabbage Dumplings,No description,$16.98
Beijing Bistro,Homemade Vegetable Dumplings,No description,$16.98
Beijing Bistro,Sticky Rice Dumpling,No description,$10.98
Beijing Bistro,Sesame Tang Yuan (6 pcs),No description,$8.98
Beijing Bistro,Sticky Rice Dumplings (Jujube),No description,$10.98
Beijing Bistro,"Fried Chives Pockets (Eggs, Chives & Vermicelli)(x2)",No description,$9.98
Beijing Bistro,Chicken Chow Mein,No description,$19.98
Beijing Bistro,Chicken Fried Rice,No description,$19.98
Beijing Bistro,Vegetable Chow Mein,No description,$17.98
Beijing Bistro,Vege Fried Rice,No description,$16.98
Beijing Bistro,BBQ Fried Rice,No description,$19.98
Beijing Bistro,Chicken and Shrimp Mixed Chow Mein,No description,$21.98
Beijing Bistro,Yang Chow Fried Rice,No description,$21.98
Beijing Bistro,Chicken and Shrimp Mixed Fried Rice,No description,$21.98
Beijing Bistro,Shrimp Fried Rice,No description,$21.98
Brickyard Pizza,The Basic,No description,$27.00
Brickyard Pizza,P.S.I,No description,$27.00
Brickyard Pizza,Hawaiian,No description,$27.00
Brickyard Pizza,Mediterranean,No description,$27.00
Brickyard Pizza,4 Cheese,No description,$27.00
Brickyard Pizza,Buffalo,No description,$27.00
Brickyard Pizza,Capocollo,No description,$27.00
Brickyard Pizza,Beef Taco,No description,$27.00
Brickyard Pizza,Pepperoni,No description,$26.00
Brickyard Pizza,Aloha,No description,$27.00
Brickyard Pizza,BBQ Chicken,No description,$27.00
Brickyard Pizza,Buffalo Chicken,No description,$27.00
Brickyard Pizza,Cheeseburger,No description,$27.00
Brickyard Pizza,Margarita,No description,$27.00
Brickyard Pizza,Roasted Garlic,No description,$27.00
Brickyard Pizza,The Cure,No description,$27.00
Brickyard Pizza,The Roman,No description,$27.00
Brickyard Pizza,Caesar,No description,$9.50
Brickyard Pizza,Garden Salad,No description,$9.50
Brickyard Pizza,"14"" Share Size",No description,$27.00
